event_id,latitude,longitude,timestamp,state,rainfall_1h,rainfall_24h,rainfall_7d,elevation,slope,aspect,soil_moisture,landslide_occurrence,sample_type,source_event_date_precision
background_0318,27.15,88.1,2007-05-23 00:00:00+00:00,Sikkim,0.0,2.42,47.92,2395.9338,26.8288,283.6931,0.55,0,background_sample,matched_calendar_date_only
78,27.3383,88.6069,2007-05-23 00:00:00+00:00,Sikkim,0.0,1.47,34.29,1523.8097,19.9473,227.9634,0.55,1,confirmed_reported_event,date_only
background_0319,27.200000000000003,88.1,2007-07-16 00:00:00+00:00,Sikkim,0.37,7.71,120.24,3049.3101,30.3973,295.9376,0.8,0,background_sample,matched_calendar_date_only
126,27.1499,88.38,2007-07-16 00:00:00+00:00,Sikkim,0.37,7.71,120.24,1095.8906,33.83,358.8714,0.8,1,confirmed_reported_event,date_only
background_0046,24.15,92.44999999999985,2007-07-19 00:00:00+00:00,Assam,1.62,50.48,118.69,114.7059,9.4675,91.8197,0.9,0,background_sample,matched_calendar_date_only
130,26.1699,91.7986,2007-07-19 00:00:00+00:00,Assam,0.27,49.8,97.09,157.2166,3.5888,214.8575,0.85,1,confirmed_reported_event,date_only
background_0184,25.15,91.4499999999999,2007-07-26 00:00:00+00:00,Meghalaya,1.39,70.81,287.79,12.7245,9.8499,116.8241,0.96,0,background_sample,matched_calendar_date_only
141,25.38,91.88,2007-07-26 00:00:00+00:00,Meghalaya,1.51,47.62,169.88,1302.7356,27.7075,103.567,0.99,1,confirmed_reported_event,date_only
background_0185,25.15,91.4999999999999,2007-07-27 00:00:00+00:00,Meghalaya,2.84,67.0,314.52,26.5225,6.1416,154.8428,0.97,0,background_sample,matched_calendar_date_only
142,25.5212,90.232,2007-07-27 00:00:00+00:00,Meghalaya,1.48,36.68,152.65,576.7936,28.0435,239.8626,0.93,1,confirmed_reported_event,date_only
background_0213,22.0,92.89999999999996,2007-07-30 00:00:00+00:00,Mizoram,0.0,0.17,26.52,,,,0.72,0,background_sample,matched_calendar_date_only
background_0214,22.0,92.99999999999996,2007-07-30 00:00:00+00:00,Mizoram,0.0,0.17,26.52,,,,0.72,0,background_sample,matched_calendar_date_only
147,22.533,92.899,2007-07-30 00:00:00+00:00,Mizoram,0.0,0.17,30.59,801.838,23.5086,253.9507,0.73,1,confirmed_reported_event,date_only
148,22.479,92.967,2007-07-30 00:00:00+00:00,Mizoram,0.0,0.17,30.59,446.7893,32.5243,113.6565,0.73,1,confirmed_reported_event,date_only
background_0047,24.200000000000003,92.44999999999985,2007-08-26 00:00:00+00:00,Assam,0.47,12.33,38.42,129.7219,13.7839,124.2708,0.88,0,background_sample,matched_calendar_date_only
background_0128,24.000000000000004,93.49999999999996,2007-08-26 00:00:00+00:00,Manipur,0.01,1.49,11.82,,,,0.55,0,background_sample,matched_calendar_date_only
background_0186,25.15,91.5499999999999,2007-08-26 00:00:00+00:00,Meghalaya,0.55,16.94,48.98,13.7133,0.7393,159.4396,0.9,0,background_sample,matched_calendar_date_only
211,24.9667,93.55,2007-08-26 00:00:00+00:00,Manipur,0.11,2.36,25.32,570.7347,27.2074,205.2879,0.72,1,confirmed_reported_event,date_only
212,25.5576,91.8506,2007-08-26 00:00:00+00:00,Meghalaya,0.82,14.08,35.04,1680.9496,5.1426,21.2509,0.94,1,confirmed_reported_event,date_only
213,25.2946,92.8339,2007-08-26 00:00:00+00:00,Assam,0.27,3.7,30.91,887.2079,16.4289,299.8385,0.77,1,confirmed_reported_event,date_only
background_0240,25.3,93.5,2007-08-28 00:00:00+00:00,Nagaland,0.1,3.67,39.2,1310.0312,30.0022,249.4951,0.73,0,background_sample,matched_calendar_date_only
215,25.7428,93.9136,2007-08-28 00:00:00+00:00,Nagaland,0.1,3.67,39.2,468.7664,28.0157,333.5478,0.73,1,confirmed_reported_event,date_only
background_0129,24.000000000000004,93.54999999999995,2007-08-31 00:00:00+00:00,Manipur,0.01,0.98,10.22,,,,0.54,0,background_sample,matched_calendar_date_only
220,25.1333,93.9667,2007-08-31 00:00:00+00:00,Manipur,0.01,2.15,18.72,1008.9773,2.4618,229.2369,0.71,1,confirmed_reported_event,date_only
background_0130,24.000000000000004,93.59999999999997,2007-09-08 00:00:00+00:00,Manipur,0.31,8.52,56.99,,,,0.65,0,background_sample,matched_calendar_date_only
247,25.0604,93.9877,2007-09-08 00:00:00+00:00,Manipur,0.28,10.05,108.61,1517.0406,37.2412,11.808,0.86,1,confirmed_reported_event,date_only
background_0241,25.3,93.54999999999998,2007-09-09 00:00:00+00:00,Nagaland,0.71,19.79,124.87,1139.0062,25.6061,342.6108,0.85,0,background_sample,matched_calendar_date_only
background_0320,27.250000000000004,88.05,2007-09-09 00:00:00+00:00,Sikkim,0.04,2.22,87.84,3026.6838,28.9116,91.5787,0.91,0,background_sample,matched_calendar_date_only
251,27.1667,88.35,2007-09-09 00:00:00+00:00,Sikkim,0.07,6.76,144.04,1157.5157,26.7251,284.7417,0.92,1,confirmed_reported_event,date_only
252,25.4993,94.1192,2007-09-09 00:00:00+00:00,Nagaland,0.47,15.51,95.66,1942.8784,13.7646,311.4098,0.82,1,confirmed_reported_event,date_only
background_0131,24.050000000000004,93.44999999999996,2007-09-10 00:00:00+00:00,Manipur,0.02,2.82,65.89,1470.6547,12.1283,218.9134,0.63,0,background_sample,matched_calendar_date_only
background_0321,27.500000000000007,88.05,2007-09-10 00:00:00+00:00,Sikkim,0.07,4.65,82.03,4730.8071,36.4349,164.3989,0.91,0,background_sample,matched_calendar_date_only
255,24.2451,94.0691,2007-09-10 00:00:00+00:00,Manipur,0.01,2.03,46.15,1282.6969,38.9346,111.815,0.54,1,confirmed_reported_event,date_only
256,27.3425,88.6236,2007-09-10 00:00:00+00:00,Sikkim,0.08,4.77,84.83,2064.7056,39.7576,153.1492,0.88,1,confirmed_reported_event,date_only
background_0132,24.050000000000004,93.49999999999996,2007-09-11 00:00:00+00:00,Manipur,0.05,1.18,65.64,1193.7648,15.688,87.4446,0.62,0,background_sample,matched_calendar_date_only
background_0187,25.15,91.5999999999999,2007-09-11 00:00:00+00:00,Meghalaya,0.13,3.58,315.44,12.666,1.7165,307.2771,0.97,0,background_sample,matched_calendar_date_only
258,24.4279,94.0564,2007-09-11 00:00:00+00:00,Manipur,0.15,2.15,107.15,901.1337,9.4104,343.5159,0.77,1,confirmed_reported_event,date_only
259,25.52,91.27,2007-09-11 00:00:00+00:00,Meghalaya,0.03,1.62,285.14,1337.4341,16.7087,73.8465,0.98,1,confirmed_reported_event,date_only
background_0048,24.250000000000004,92.44999999999985,2007-09-13 00:00:00+00:00,Assam,0.06,3.53,199.13,148.0229,24.8085,297.1131,0.94,0,background_sample,matched_calendar_date_only
264,26.1833,91.8,2007-09-13 00:00:00+00:00,Assam,0.13,8.04,182.15,67.7772,1.3059,140.9229,0.92,1,confirmed_reported_event,date_only
background_0322,27.500000000000007,88.1,2007-09-18 00:00:00+00:00,Sikkim,0.0,0.06,51.01,4537.0317,35.3198,126.0744,0.91,0,background_sample,matched_calendar_date_only
269,27.2872,88.2816,2007-09-18 00:00:00+00:00,Sikkim,0.0,0.06,51.01,583.1802,29.2256,298.9694,0.91,1,confirmed_reported_event,date_only
background_0215,22.05,92.59999999999998,2007-09-29 00:00:00+00:00,Mizoram,0.03,0.38,16.77,678.96,37.171,99.085,0.87,0,background_sample,matched_calendar_date_only
285,24.1293,92.6921,2007-09-29 00:00:00+00:00,Mizoram,0.0,0.0,1.59,820.6982,3.9833,25.0329,0.85,1,confirmed_reported_event,date_only
background_0242,25.35,93.5,2007-10-16 00:00:00+00:00,Nagaland,0.78,19.94,39.01,1406.384,15.6823,47.2844,0.76,0,background_sample,matched_calendar_date_only
313,25.7055,94.0132,2007-10-16 00:00:00+00:00,Nagaland,0.78,19.94,39.01,1459.9564,13.5344,129.1114,0.76,1,confirmed_reported_event,date_only
background_0243,25.35,93.54999999999998,2007-10-19 00:00:00+00:00,Nagaland,0.01,0.41,33.65,1318.1246,9.0107,41.3517,0.73,0,background_sample,matched_calendar_date_only
319,25.4379,94.1162,2007-10-19 00:00:00+00:00,Nagaland,0.04,0.62,33.3,1505.0709,19.9518,182.689,0.72,1,confirmed_reported_event,date_only
background_0049,24.300000000000004,92.24999999999986,2007-10-21 00:00:00+00:00,Assam,0.11,6.08,74.88,119.7923,17.3911,292.3679,0.89,0,background_sample,matched_calendar_date_only
322,24.75,93.4333,2007-10-21 00:00:00+00:00,Assam,0.18,11.96,65.82,467.32,33.7067,161.8902,0.85,1,confirmed_reported_event,date_only
background_0050,24.300000000000004,92.29999999999986,2008-05-20 00:00:00+00:00,Assam,0.45,11.25,47.63,45.1982,3.0527,262.729,0.59,0,background_sample,matched_calendar_date_only
545,24.9849,92.8411,2008-05-20 00:00:00+00:00,Assam,0.18,9.85,65.88,262.0675,11.1282,323.5721,0.72,1,confirmed_reported_event,date_only
background_0133,24.050000000000004,93.54999999999995,2008-06-09 00:00:00+00:00,Manipur,0.12,4.87,13.64,1093.4546,24.878,127.1028,0.53,0,background_sample,matched_calendar_date_only
580,24.6596,93.9784,2008-06-09 00:00:00+00:00,Manipur,0.17,6.28,15.55,772.5,3.6593,318.9228,0.59,1,confirmed_reported_event,date_only
background_0001,26.9,92.14999999999996,2008-06-14 00:00:00+00:00,Arunachal Pradesh,0.14,17.96,96.81,369.5558,37.1514,188.6581,0.72,0,background_sample,matched_calendar_date_only
585,27.0998,93.6287,2008-06-14 00:00:00+00:00,Arunachal Pradesh,3.62,40.11,133.21,404.7515,9.185,335.4404,0.79,1,confirmed_reported_event,date_only
background_0051,24.300000000000004,92.34999999999984,2008-06-15 00:00:00+00:00,Assam,0.0,5.33,43.15,82.2794,8.7035,354.9055,0.71,0,background_sample,matched_calendar_date_only
587,27.2298,94.0989,2008-06-15 00:00:00+00:00,Assam,0.02,19.57,152.17,94.6378,0.7487,211.0202,0.87,1,confirmed_reported_event,date_only
background_0134,24.050000000000004,93.59999999999997,2008-06-19 00:00:00+00:00,Manipur,0.35,7.99,44.35,1113.9382,26.8699,324.7545,0.61,0,background_sample,matched_calendar_date_only
594,24.9336,93.8275,2008-06-19 00:00:00+00:00,Manipur,0.09,9.04,49.44,1029.0897,15.1933,99.8971,0.7,1,confirmed_reported_event,date_only
background_0244,25.35,93.59999999999998,2008-08-07 00:00:00+00:00,Nagaland,0.0,1.97,38.8,1288.5936,9.2411,149.3964,0.75,0,background_sample,matched_calendar_date_only
692,25.705,94.04,2008-08-07 00:00:00+00:00,Nagaland,0.0,1.97,38.8,1041.3845,16.2937,46.7323,0.75,1,confirmed_reported_event,date_only
background_0052,24.300000000000004,92.39999999999984,2008-08-14 00:00:00+00:00,Assam,0.26,17.84,110.64,47.1709,0.3445,299.4375,0.89,0,background_sample,matched_calendar_date_only
714,27.163,94.0,2008-08-14 00:00:00+00:00,Assam,0.02,4.14,64.6,,,,0.89,1,confirmed_reported_event,date_only
background_0245,25.35,93.64999999999998,2008-08-19 00:00:00+00:00,Nagaland,1.43,33.56,101.35,599.9211,28.112,103.0479,0.84,0,background_sample,matched_calendar_date_only
731,26.138,94.25,2008-08-19 00:00:00+00:00,Nagaland,1.9,27.48,96.31,1011.4208,17.1925,204.4499,0.93,1,confirmed_reported_event,date_only
background_0323,27.500000000000007,88.34999999999998,2008-08-28 00:00:00+00:00,Sikkim,0.07,3.06,34.11,3431.5881,39.3312,333.0596,0.89,0,background_sample,matched_calendar_date_only
755,27.337,88.609,2008-08-28 00:00:00+00:00,Sikkim,0.07,3.01,33.1,1553.2791,17.8481,215.2137,0.86,1,confirmed_reported_event,date_only
background_0246,25.4,93.54999999999998,2008-08-29 00:00:00+00:00,Nagaland,0.11,9.44,21.69,1029.2727,9.3594,108.1106,0.8,0,background_sample,matched_calendar_date_only
760,25.67,94.1066,2008-08-29 00:00:00+00:00,Nagaland,0.07,8.28,20.6,1442.8422,17.4817,307.5914,0.84,1,confirmed_reported_event,date_only
background_0002,26.9,92.19999999999996,2008-10-29 00:00:00+00:00,Arunachal Pradesh,0.0,0.47,36.27,360.4567,36.6932,357.3646,0.82,0,background_sample,matched_calendar_date_only
background_0053,24.350000000000005,92.29999999999986,2008-10-29 00:00:00+00:00,Assam,0.0,0.25,86.62,32.5,1.3134,67.4907,0.85,0,background_sample,matched_calendar_date_only
background_0054,24.40000000000001,92.29999999999986,2008-10-29 00:00:00+00:00,Assam,0.0,0.25,86.62,32.2111,1.4469,26.884,0.85,0,background_sample,matched_calendar_date_only
868,26.3333,91.25,2008-10-29 00:00:00+00:00,Assam,0.0,0.1,52.53,41.7288,0.3611,242.4078,0.72,1,confirmed_reported_event,date_only
869,27.2333,94.1167,2008-10-29 00:00:00+00:00,Assam,0.0,0.71,31.24,90.4164,0.4486,290.38,0.84,1,confirmed_reported_event,date_only
870,27.4,92.35,2008-10-29 00:00:00+00:00,Arunachal Pradesh,0.0,0.44,33.72,2632.0312,27.7715,285.0997,0.82,1,confirmed_reported_event,date_only
background_0003,26.950000000000003,92.14999999999996,2009-08-12 00:00:00+00:00,Arunachal Pradesh,0.01,3.47,60.06,422.6853,38.7796,258.7793,0.71,0,background_sample,matched_calendar_date_only
1084,27.7,92.8,2009-08-12 00:00:00+00:00,Arunachal Pradesh,0.1,11.45,52.25,2449.6096,15.6076,223.2556,0.77,1,confirmed_reported_event,date_only
background_0055,24.40000000000001,92.89999999999982,2009-08-20 00:00:00+00:00,Assam,0.19,19.33,113.1,128.3664,7.425,128.7264,0.82,0,background_sample,matched_calendar_date_only
background_0056,24.450000000000006,92.24999999999986,2009-08-20 00:00:00+00:00,Assam,0.41,41.33,135.05,34.251,13.5411,202.7232,0.92,0,background_sample,matched_calendar_date_only
background_0324,27.500000000000007,88.39999999999998,2009-08-20 00:00:00+00:00,Sikkim,2.3,53.95,93.86,2612.9067,11.7101,343.219,0.89,0,background_sample,matched_calendar_date_only
1108,24.9925,93.5,2009-08-20 00:00:00+00:00,Assam,0.17,8.89,102.71,1219.5963,10.2782,69.1298,0.77,1,confirmed_reported_event,date_only
1109,25.5215,93.1645,2009-08-20 00:00:00+00:00,Assam,0.26,15.45,101.42,275.051,8.9065,107.5165,0.8,1,confirmed_reported_event,date_only
1112,27.1761,88.5287,2009-08-20 00:00:00+00:00,Sikkim,2.34,61.38,181.58,301.874,8.5404,234.3029,0.91,1,confirmed_reported_event,date_only
background_0325,27.550000000000008,88.1,2009-08-26 00:00:00+00:00,Sikkim,0.03,3.1,99.17,5375.791,48.2563,144.9768,0.89,0,background_sample,matched_calendar_date_only
1125,27.3746,88.7648,2009-08-26 00:00:00+00:00,Sikkim,0.03,2.89,74.66,3751.0,0.0,0.0,0.86,1,confirmed_reported_event,date_only
background_0057,24.450000000000006,92.94999999999982,2009-08-27 00:00:00+00:00,Assam,0.4,5.97,64.0,94.2617,29.7657,0.5583,0.83,0,background_sample,matched_calendar_date_only
1127,25.1718,93.123,2009-08-27 00:00:00+00:00,Assam,0.41,6.37,65.45,723.7837,11.2003,214.4553,0.84,1,confirmed_reported_event,date_only
background_0135,24.050000000000004,93.64999999999996,2009-08-30 00:00:00+00:00,Manipur,0.05,1.17,19.94,1222.5994,36.1931,342.52,0.69,0,background_sample,matched_calendar_date_only
1129,24.8628,94.4182,2009-08-30 00:00:00+00:00,Manipur,0.12,0.84,17.25,905.5567,32.7438,186.5963,0.73,1,confirmed_reported_event,date_only
background_0326,27.550000000000008,88.14999999999999,2009-09-17 00:00:00+00:00,Sikkim,0.0,3.05,11.92,4826.0649,14.8624,134.3801,0.86,0,background_sample,matched_calendar_date_only
1168,27.1954,88.6115,2009-09-17 00:00:00+00:00,Sikkim,0.08,7.06,18.18,478.9856,12.5593,137.9262,0.85,1,confirmed_reported_event,date_only
background_0216,22.05,92.64999999999998,2009-10-05 00:00:00+00:00,Mizoram,0.24,26.48,70.25,146.0405,15.0169,317.4632,0.92,0,background_sample,matched_calendar_date_only
1222,23.73478778,92.72124394,2009-10-05 00:00:00+00:00,Mizoram,0.69,36.05,66.98,977.8623,26.7144,24.5708,0.9,1,confirmed_reported_event,date_only
background_0136,24.050000000000004,93.69999999999996,2010-03-27 20:00:00+00:00,Manipur,0.0,0.18,1.17,1805.8751,36.4292,300.4733,0.26,0,background_sample,matched_calendar_date_only
1596,24.7339,93.9161,2010-03-27 20:00:00+00:00,Manipur,0.0,0.36,3.33,879.9098,19.6653,123.5995,0.35,1,confirmed_reported_event,date_only
background_0058,24.450000000000006,92.99999999999982,2010-04-01 00:00:00+00:00,Assam,1.28,47.37,129.36,,,,0.66,0,background_sample,matched_calendar_date_only
1611,25.1553,93.028,2010-04-01 00:00:00+00:00,Assam,1.41,49.13,136.21,576.3269,26.7842,357.0318,0.79,1,confirmed_reported_event,date_only
background_0004,26.950000000000003,92.19999999999996,2010-04-02 23:00:00+00:00,Arunachal Pradesh,0.02,1.83,78.06,640.5449,9.1325,152.0556,0.64,0,background_sample,matched_calendar_date_only
1613,27.8997,93.3497,2010-04-02 23:00:00+00:00,Arunachal Pradesh,0.0,1.74,45.84,875.3367,8.6577,218.4466,0.69,1,confirmed_reported_event,date_only
background_0328,27.550000000000008,88.24999999999999,2010-04-17 00:00:00+00:00,Sikkim,0.0,0.11,2.45,4258.8545,51.6955,125.3508,0.51,0,background_sample,matched_calendar_date_only
1756,27.322,88.6087,2010-04-17 00:00:00+00:00,Sikkim,0.0,0.34,3.74,1515.9171,37.8664,290.1862,0.48,1,confirmed_reported_event,date_only
background_0327,27.550000000000008,88.19999999999999,2010-04-17 15:00:00+00:00,Sikkim,0.0,0.11,2.45,4653.6934,28.955,275.7198,0.51,0,background_sample,matched_calendar_date_only
1755,27.3341,88.6083,2010-04-17 15:00:00+00:00,Sikkim,0.0,0.34,3.74,1455.2424,20.1365,259.1364,0.48,1,confirmed_reported_event,date_only
background_0059,24.500000000000007,92.94999999999982,2010-04-20 00:00:00+00:00,Assam,0.91,22.2,98.51,40.8898,12.4038,356.1464,0.73,0,background_sample,matched_calendar_date_only
background_0060,24.500000000000007,92.99999999999982,2010-04-20 00:00:00+00:00,Assam,0.91,22.2,98.51,,,,0.73,0,background_sample,matched_calendar_date_only
1770,26.1965,91.763,2010-04-20 00:00:00+00:00,Assam,1.25,68.44,172.05,96.6566,6.7099,134.873,0.84,1,confirmed_reported_event,date_only
1771,26.1978,91.7665,2010-04-20 00:00:00+00:00,Assam,1.25,68.44,172.05,94.6326,15.7775,83.9676,0.84,1,confirmed_reported_event,date_only
background_0005,26.950000000000003,92.24999999999996,2010-04-21 00:00:00+00:00,Arunachal Pradesh,0.4,30.47,143.57,713.2113,24.3279,195.1631,0.8,0,background_sample,matched_calendar_date_only
background_0188,25.15,91.64999999999988,2010-04-21 00:00:00+00:00,Meghalaya,0.62,22.44,213.26,60.1003,5.4173,121.8144,0.79,0,background_sample,matched_calendar_date_only
1775,27.8965,96.1779,2010-04-21 00:00:00+00:00,Arunachal Pradesh,1.93,32.28,111.86,205.8758,7.49,306.778,0.87,1,confirmed_reported_event,date_only
1776,25.3612,92.2845,2010-04-21 00:00:00+00:00,Meghalaya,0.47,24.17,174.11,1225.3099,5.0819,106.8433,0.87,1,confirmed_reported_event,date_only
background_0189,25.15,91.69999999999987,2010-05-11 09:00:00+00:00,Meghalaya,0.21,9.97,76.39,11.2711,0.2036,171.7127,0.82,0,background_sample,matched_calendar_date_only
1857,25.3433,92.2897,2010-05-11 09:00:00+00:00,Meghalaya,0.28,7.46,47.78,1200.4406,3.1898,96.2695,0.84,1,confirmed_reported_event,date_only
background_0006,26.950000000000003,92.29999999999995,2010-05-31 00:00:00+00:00,Arunachal Pradesh,0.03,5.76,67.49,357.3877,15.022,198.5618,0.75,0,background_sample,matched_calendar_date_only
1930,28.4298,95.8776,2010-05-31 00:00:00+00:00,Arunachal Pradesh,0.29,3.57,33.68,515.9617,22.4172,309.4677,0.87,1,confirmed_reported_event,date_only
background_0329,27.550000000000008,88.29999999999998,2010-05-31 23:00:00+00:00,Sikkim,0.12,5.22,40.57,4093.8105,44.647,353.6187,0.65,0,background_sample,matched_calendar_date_only
1929,27.3543,88.6428,2010-05-31 23:00:00+00:00,Sikkim,0.1,3.89,35.2,2121.5735,22.6243,81.78,0.59,1,confirmed_reported_event,date_only
background_0349,23.1,91.34999999999998,2010-06-03 00:00:00+00:00,Tripura,1.55,31.52,180.31,7.0978,0.6668,309.1466,0.78,0,background_sample,matched_calendar_date_only
1935,23.8986,91.7599,2010-06-03 00:00:00+00:00,Tripura,0.42,20.87,160.62,176.0986,14.2357,188.8377,0.88,1,confirmed_reported_event,date_only
background_0061,24.550000000000008,92.94999999999982,2010-06-03 05:00:00+00:00,Assam,0.13,7.87,99.61,43.8646,6.1277,84.2913,0.84,0,background_sample,matched_calendar_date_only
1934,24.6005,92.3814,2010-06-03 05:00:00+00:00,Assam,0.21,16.6,139.08,88.0833,18.9253,320.4354,0.92,1,confirmed_reported_event,date_only
background_0137,24.050000000000004,93.74999999999996,2010-06-07 00:00:00+00:00,Manipur,0.02,10.09,64.59,919.1879,33.8135,109.054,0.75,0,background_sample,matched_calendar_date_only
1954,24.7543,93.5039,2010-06-07 00:00:00+00:00,Manipur,0.04,17.66,87.53,396.9071,8.2561,30.9374,0.86,1,confirmed_reported_event,date_only
background_0190,25.15,92.14999999999986,2010-06-09 14:15:00+00:00,Meghalaya,0.53,13.06,222.31,25.8642,17.3812,355.1671,0.95,0,background_sample,matched_calendar_date_only
1961,25.8833,91.2,2010-06-09 14:15:00+00:00,Meghalaya,1.99,20.12,210.09,247.6659,19.6703,124.2599,0.83,1,confirmed_reported_event,date_only
background_0062,24.550000000000008,92.99999999999982,2010-06-15 00:00:00+00:00,Assam,0.94,7.93,114.51,,,,0.88,0,background_sample,matched_calendar_date_only
background_0247,25.4,93.59999999999998,2010-06-15 00:00:00+00:00,Nagaland,0.1,5.13,96.8,1112.511,28.1312,68.1541,0.8,0,background_sample,matched_calendar_date_only
1986,26.3335,94.5512,2010-06-15 00:00:00+00:00,Nagaland,0.17,9.0,101.03,1378.1367,9.3327,258.7818,0.86,1,confirmed_reported_event,date_only
1987,25.2269,93.1658,2010-06-15 00:00:00+00:00,Assam,0.56,7.52,116.86,391.6791,3.6889,332.0207,0.89,1,confirmed_reported_event,date_only
background_0063,24.550000000000008,93.0499999999998,2010-06-16 00:00:00+00:00,Assam,0.07,21.74,95.21,33.8292,3.5225,193.7234,0.91,0,background_sample,matched_calendar_date_only
1994,25.0633,92.8025,2010-06-16 00:00:00+00:00,Assam,0.42,39.41,137.53,90.2825,17.3732,112.1487,0.99,1,confirmed_reported_event,date_only
background_0248,25.4,93.64999999999998,2010-06-17 19:30:00+00:00,Nagaland,0.07,2.07,70.3,1024.5277,13.2239,203.8434,0.8,0,background_sample,matched_calendar_date_only
1996,26.4333,94.8833,2010-06-17 19:30:00+00:00,Nagaland,0.03,9.6,118.03,556.5747,25.607,336.7269,0.93,1,confirmed_reported_event,date_only
background_0191,25.200000000000003,90.29999999999995,2010-06-28 00:00:00+00:00,Meghalaya,1.1,42.28,109.94,43.3979,12.3635,297.1636,0.87,0,background_sample,matched_calendar_date_only
background_0192,25.200000000000003,90.34999999999997,2010-06-28 00:00:00+00:00,Meghalaya,1.31,47.62,109.35,32.6539,5.4276,197.1839,0.92,0,background_sample,matched_calendar_date_only
2025,25.5728,91.885,2010-06-28 00:00:00+00:00,Meghalaya,1.66,57.48,117.13,1501.1083,10.3748,310.7154,0.98,1,confirmed_reported_event,date_only
2026,25.4916,91.2698,2010-06-28 00:00:00+00:00,Meghalaya,1.84,59.5,122.6,1492.6156,13.3273,146.3046,0.97,1,confirmed_reported_event,date_only
background_0249,25.4,93.69999999999996,2010-07-06 00:00:00+00:00,Nagaland,0.13,7.04,64.05,726.4852,25.7748,263.3367,0.83,0,background_sample,matched_calendar_date_only
background_0250,25.450000000000003,93.54999999999998,2010-07-06 00:00:00+00:00,Nagaland,0.13,7.04,64.05,951.7534,24.8599,293.9542,0.83,0,background_sample,matched_calendar_date_only
background_0251,25.450000000000003,93.59999999999998,2010-07-06 00:00:00+00:00,Nagaland,0.13,7.04,64.05,1073.2151,20.3609,189.4461,0.83,0,background_sample,matched_calendar_date_only
background_0252,25.450000000000003,93.64999999999998,2010-07-06 00:00:00+00:00,Nagaland,0.13,7.04,64.05,1290.78,30.1202,78.7728,0.83,0,background_sample,matched_calendar_date_only
2042,26.0093,94.5238,2010-07-06 00:00:00+00:00,Nagaland,0.43,16.21,72.12,1806.6204,19.8004,131.1316,0.91,1,confirmed_reported_event,date_only
2043,26.7225,95.0281,2010-07-06 00:00:00+00:00,Nagaland,0.64,20.57,70.07,695.8276,15.0568,231.7135,0.92,1,confirmed_reported_event,date_only
2044,25.8877,94.7861,2010-07-06 00:00:00+00:00,Nagaland,0.34,16.81,73.35,1171.0428,5.4709,327.168,0.93,1,confirmed_reported_event,date_only
2045,26.2363,94.8133,2010-07-06 00:00:00+00:00,Nagaland,0.34,16.81,73.35,1555.8876,18.1586,43.8518,0.93,1,confirmed_reported_event,date_only
background_0253,25.500000000000004,93.59999999999998,2010-07-19 06:00:00+00:00,Nagaland,0.95,7.23,76.25,1124.2545,22.9968,274.3537,0.83,0,background_sample,matched_calendar_date_only
2098,26.7215,95.0283,2010-07-19 06:00:00+00:00,Nagaland,0.81,19.71,103.63,727.4697,16.7146,11.5946,0.95,1,confirmed_reported_event,date_only
background_0254,25.500000000000004,93.64999999999998,2010-07-20 00:00:00+00:00,Nagaland,0.31,11.78,73.89,1518.928,35.5443,354.1502,0.86,0,background_sample,matched_calendar_date_only
2106,26.8716,94.9921,2010-07-20 00:00:00+00:00,Nagaland,1.01,13.29,121.18,286.7008,11.1455,157.9407,0.93,1,confirmed_reported_event,date_only
background_0330,27.550000000000008,88.34999999999998,2010-07-21 08:00:00+00:00,Sikkim,0.43,29.0,107.7,3732.9438,24.6297,41.9986,0.9,0,background_sample,matched_calendar_date_only
2113,27.3773,88.559,2010-07-21 08:00:00+00:00,Sikkim,0.29,24.22,96.33,1473.3265,32.4567,252.1087,0.86,1,confirmed_reported_event,date_only
background_0064,24.60000000000001,92.94999999999982,2010-07-25 00:00:00+00:00,Assam,0.04,4.53,61.04,34.8321,12.1211,343.942,0.88,0,background_sample,matched_calendar_date_only
2140,25.0477,92.801,2010-07-25 00:00:00+00:00,Assam,0.0,3.5,103.06,171.4226,24.5312,78.7733,0.95,1,confirmed_reported_event,date_only
background_0065,24.60000000000001,92.99999999999982,2010-07-29 00:00:00+00:00,Assam,2.05,25.36,59.4,,,,0.88,0,background_sample,matched_calendar_date_only
background_0255,25.500000000000004,94.79999999999993,2010-07-29 00:00:00+00:00,Nagaland,0.95,24.58,54.51,2560.6309,15.8307,350.4033,0.87,0,background_sample,matched_calendar_date_only
2163,25.4196,94.1054,2010-07-29 00:00:00+00:00,Nagaland,1.33,21.76,50.76,1395.1285,27.2141,150.206,0.9,1,confirmed_reported_event,date_only
2166,24.9786,93.5027,2010-07-29 00:00:00+00:00,Assam,1.99,24.5,53.58,1312.2871,14.9143,292.5836,0.88,1,confirmed_reported_event,date_only
background_0138,24.100000000000005,93.05,2010-07-29 23:00:00+00:00,Manipur,1.5,17.92,42.23,719.7019,49.1807,183.0242,0.84,0,background_sample,matched_calendar_date_only
2164,25.3098633,94.48214677,2010-07-29 23:00:00+00:00,Manipur,1.33,21.76,50.76,1556.0874,29.5032,161.4352,0.9,1,confirmed_reported_event,date_only
background_0139,24.100000000000005,93.1,2010-07-31 09:00:00+00:00,Manipur,1.47,28.09,73.93,492.5381,18.3163,272.0905,0.88,0,background_sample,matched_calendar_date_only
2182,24.9356,93.8443,2010-07-31 09:00:00+00:00,Manipur,1.76,37.12,88.43,849.8718,2.0189,241.213,0.92,1,confirmed_reported_event,date_only
background_0217,22.05,92.89999999999996,2010-08-06 00:00:00+00:00,Mizoram,0.0,0.81,28.97,317.1289,33.3478,114.4563,0.84,0,background_sample,matched_calendar_date_only
2205,23.7365,92.7146,2010-08-06 00:00:00+00:00,Mizoram,0.02,1.53,61.2,1028.4279,39.4688,261.0432,0.87,1,confirmed_reported_event,date_only
background_0256,25.550000000000004,93.59999999999998,2010-08-13 00:00:00+00:00,Nagaland,0.17,3.07,8.3,582.9215,15.6199,184.8048,0.81,0,background_sample,matched_calendar_date_only
2243,25.70223725,94.04619681,2010-08-13 00:00:00+00:00,Nagaland,0.17,3.07,8.3,1010.9202,8.769,86.7083,0.81,1,confirmed_reported_event,date_only
background_0257,25.550000000000004,93.64999999999998,2010-08-14 00:00:00+00:00,Nagaland,0.08,10.78,18.24,691.2509,18.4824,347.6421,0.84,0,background_sample,matched_calendar_date_only
background_0258,25.550000000000004,94.74999999999991,2010-08-14 00:00:00+00:00,Nagaland,0.11,8.88,36.4,1627.9299,41.1034,131.8606,0.87,0,background_sample,matched_calendar_date_only
background_0259,25.550000000000004,94.79999999999993,2010-08-14 00:00:00+00:00,Nagaland,0.11,8.88,36.4,1632.0726,21.5803,243.7367,0.87,0,background_sample,matched_calendar_date_only
2247,26.148,94.8422,2010-08-14 00:00:00+00:00,Nagaland,0.14,16.22,63.82,1510.0508,32.8002,18.9296,0.96,1,confirmed_reported_event,date_only
2248,26.222,94.9152,2010-08-14 00:00:00+00:00,Nagaland,0.14,16.22,63.82,1778.0784,30.7404,312.7005,0.96,1,confirmed_reported_event,date_only
2249,26.0814,94.803,2010-08-14 00:00:00+00:00,Nagaland,0.14,16.22,63.82,947.6262,36.8633,31.6183,0.96,1,confirmed_reported_event,date_only
background_0140,24.100000000000005,93.15,2010-08-15 23:00:00+00:00,Manipur,0.05,4.18,42.13,699.5352,32.9027,229.2257,0.84,0,background_sample,matched_calendar_date_only
2253,25.31006064,94.48265093,2010-08-15 23:00:00+00:00,Manipur,0.23,6.36,26.65,1534.9506,30.4044,126.9836,0.89,1,confirmed_reported_event,date_only
background_0260,25.600000000000005,93.54999999999998,2010-08-17 00:00:00+00:00,Nagaland,0.05,3.98,36.73,318.5286,2.4142,147.4067,0.85,0,background_sample,matched_calendar_date_only
2263,26.2753,94.6654,2010-08-17 00:00:00+00:00,Nagaland,0.06,13.46,87.15,1141.9933,30.2769,311.1084,0.93,1,confirmed_reported_event,date_only
background_0141,24.100000000000005,93.2,2010-08-19 00:00:00+00:00,Manipur,0.33,5.74,43.04,1005.381,39.9371,354.2878,0.83,0,background_sample,matched_calendar_date_only
2283,24.8961,93.4957,2010-08-19 00:00:00+00:00,Manipur,0.26,6.64,45.8,1017.0938,20.1831,76.0157,0.87,1,confirmed_reported_event,date_only
background_0262,25.600000000000005,93.64999999999998,2010-08-19 06:30:00+00:00,Nagaland,0.29,6.03,56.52,428.5298,5.5208,15.0314,0.86,0,background_sample,matched_calendar_date_only
2282,26.1984,94.8158,2010-08-19 06:30:00+00:00,Nagaland,0.63,11.36,99.38,1878.4279,22.695,333.9692,0.95,1,confirmed_reported_event,date_only
background_0261,25.600000000000005,93.59999999999998,2010-08-19 18:00:00+00:00,Nagaland,0.29,6.03,56.52,359.1357,2.1655,2.1765,0.86,0,background_sample,matched_calendar_date_only
2281,25.61560252,94.11603493,2010-08-19 18:00:00+00:00,Nagaland,0.32,6.15,56.42,1607.458,32.5863,106.8319,0.9,1,confirmed_reported_event,date_only
background_0331,27.550000000000008,88.39999999999998,2010-08-20 00:00:00+00:00,Sikkim,0.11,8.71,105.79,2415.2769,21.1373,3.1805,0.92,0,background_sample,matched_calendar_date_only
2296,27.167,88.3652,2010-08-20 00:00:00+00:00,Sikkim,0.17,7.72,175.96,1488.0475,22.6986,184.6873,0.93,1,confirmed_reported_event,date_only
background_0263,25.600000000000005,94.79999999999993,2010-08-21 18:00:00+00:00,Nagaland,0.18,10.49,60.35,1212.8525,26.8588,225.066,0.87,0,background_sample,matched_calendar_date_only
2304,25.5718,94.1211,2010-08-21 18:00:00+00:00,Nagaland,0.32,8.19,60.23,1618.6755,6.5825,13.3022,0.9,1,confirmed_reported_event,date_only
background_0066,24.60000000000001,93.0499999999998,2010-08-27 16:30:00+00:00,Assam,0.21,2.58,31.37,109.7064,36.9733,224.1986,0.84,0,background_sample,matched_calendar_date_only
background_0264,25.600000000000005,94.84999999999992,2010-08-27 16:30:00+00:00,Nagaland,0.77,21.21,45.77,799.9512,29.9934,80.5364,0.86,0,background_sample,matched_calendar_date_only
2343,25.4786,94.1327,2010-08-27 16:30:00+00:00,Nagaland,0.47,9.33,32.43,1757.6257,10.7838,320.4219,0.88,1,confirmed_reported_event,date_only
2344,24.7505,93.4221,2010-08-27 16:30:00+00:00,Assam,0.19,3.26,31.77,788.3941,14.067,347.79,0.88,1,confirmed_reported_event,date_only
background_0332,27.550000000000008,88.44999999999997,2010-08-27 18:00:00+00:00,Sikkim,0.56,28.79,90.25,1287.4098,29.9709,20.0477,0.91,0,background_sample,matched_calendar_date_only
2345,27.3392,88.6188,2010-08-27 18:00:00+00:00,Sikkim,0.56,28.79,90.25,1873.9835,32.4054,119.9807,0.91,1,confirmed_reported_event,date_only
background_0333,27.60000000000001,88.14999999999999,2010-09-04 00:00:00+00:00,Sikkim,0.01,5.33,51.43,5825.5767,29.4625,316.1832,0.93,0,background_sample,matched_calendar_date_only
2392,27.3702,88.7334,2010-09-04 00:00:00+00:00,Sikkim,0.01,4.9,48.05,3520.8867,10.7571,252.8122,0.91,1,confirmed_reported_event,date_only
background_0007,26.950000000000003,92.34999999999997,2010-09-09 23:00:00+00:00,Arunachal Pradesh,0.11,6.8,46.21,382.2922,3.4779,9.8219,0.89,0,background_sample,matched_calendar_date_only
2405,28.3036,95.4112,2010-09-09 23:00:00+00:00,Arunachal Pradesh,1.62,63.4,171.3,1840.8708,39.8179,105.3447,0.96,1,confirmed_reported_event,date_only
background_0008,26.950000000000003,92.39999999999996,2010-09-10 00:00:00+00:00,Arunachal Pradesh,0.13,4.85,46.63,342.4926,22.9773,51.9736,0.89,0,background_sample,matched_calendar_date_only
2411,27.0011,93.7273,2010-09-10 00:00:00+00:00,Arunachal Pradesh,1.08,26.15,129.38,109.9558,0.7256,286.593,0.95,1,confirmed_reported_event,date_only
background_0265,25.600000000000005,94.8999999999999,2010-09-12 00:00:00+00:00,Nagaland,0.16,1.64,54.72,919.198,33.7111,118.1269,0.86,0,background_sample,matched_calendar_date_only
2415,25.63961883,94.11112157,2010-09-12 00:00:00+00:00,Nagaland,0.08,0.75,36.89,1502.2418,16.9461,64.9967,0.89,1,confirmed_reported_event,date_only
background_0218,22.05,92.94999999999996,2010-09-13 00:00:00+00:00,Mizoram,0.12,9.91,39.17,449.554,30.9703,354.9594,0.87,0,background_sample,matched_calendar_date_only
background_0220,22.1,92.59999999999998,2010-09-13 00:00:00+00:00,Mizoram,0.39,12.51,54.95,293.3878,28.1358,0.8654,0.9,0,background_sample,matched_calendar_date_only
background_0221,22.1,92.64999999999998,2010-09-13 00:00:00+00:00,Mizoram,0.39,12.51,54.95,221.6803,6.0901,231.6951,0.9,0,background_sample,matched_calendar_date_only
background_0222,22.1,92.84999999999997,2010-09-13 00:00:00+00:00,Mizoram,0.12,9.91,39.17,126.7823,26.2279,298.8913,0.87,0,background_sample,matched_calendar_date_only
background_0223,22.1,92.89999999999996,2010-09-13 00:00:00+00:00,Mizoram,0.12,9.91,39.17,200.0767,11.1035,333.458,0.87,0,background_sample,matched_calendar_date_only
background_0224,22.1,92.94999999999996,2010-09-13 00:00:00+00:00,Mizoram,0.12,9.91,39.17,190.0983,27.0402,216.3032,0.87,0,background_sample,matched_calendar_date_only
2420,23.72988966,92.71495623,2010-09-13 00:00:00+00:00,Mizoram,0.14,6.45,32.18,979.2224,34.3375,305.7482,0.85,1,confirmed_reported_event,date_only
2422,23.74182634,92.7141905,2010-09-13 00:00:00+00:00,Mizoram,0.14,6.45,32.18,925.7515,18.7364,295.2823,0.85,1,confirmed_reported_event,date_only
2423,23.73504471,92.71060943,2010-09-13 00:00:00+00:00,Mizoram,0.14,6.45,32.18,947.202,32.5355,79.8423,0.85,1,confirmed_reported_event,date_only
2424,23.591,92.9296,2010-09-13 00:00:00+00:00,Mizoram,0.17,5.21,20.87,792.4609,20.162,226.605,0.74,1,confirmed_reported_event,date_only
2425,23.3439,93.0748,2010-09-13 00:00:00+00:00,Mizoram,0.17,5.21,20.87,1333.4902,33.4578,106.3367,0.74,1,confirmed_reported_event,date_only
2426,22.7176,92.8416,2010-09-13 00:00:00+00:00,Mizoram,0.07,7.03,26.52,729.514,30.3762,89.5547,0.81,1,confirmed_reported_event,date_only
background_0219,22.05,92.99999999999996,2010-09-13 09:00:00+00:00,Mizoram,0.12,9.91,39.17,,,,0.87,0,background_sample,matched_calendar_date_only
2421,23.75406693,92.74128531,2010-09-13 09:00:00+00:00,Mizoram,0.26,9.42,44.5,971.354,30.1411,52.7251,0.87,1,confirmed_reported_event,date_only
background_0226,22.15,92.64999999999998,2010-09-16 00:00:00+00:00,Mizoram,0.15,8.26,79.97,186.0284,8.1711,49.45,0.91,0,background_sample,matched_calendar_date_only
2437,23.7527,92.694,2010-09-16 00:00:00+00:00,Mizoram,0.31,6.07,61.59,791.3156,29.9755,58.2246,0.88,1,confirmed_reported_event,date_only
background_0225,22.1,92.99999999999996,2010-09-16 03:00:00+00:00,Mizoram,0.02,3.47,53.42,,,,0.87,0,background_sample,matched_calendar_date_only
2436,24.3069,93.125,2010-09-16 03:00:00+00:00,Mizoram,0.39,8.53,45.08,759.3,26.0217,1.14,0.85,1,confirmed_reported_event,date_only
background_0009,26.950000000000003,92.99999999999991,2010-10-03 00:00:00+00:00,Arunachal Pradesh,0.0,0.0,50.04,,,,0.89,0,background_sample,matched_calendar_date_only
2539,28.3092,95.4149,2010-10-03 00:00:00+00:00,Arunachal Pradesh,0.02,2.48,42.47,1865.7649,49.7434,249.404,0.9,1,confirmed_reported_event,date_only
background_0067,24.70000000000001,92.74999999999984,2010-10-08 00:00:00+00:00,Assam,4.71,42.58,73.76,30.1852,9.2214,49.9095,0.93,0,background_sample,matched_calendar_date_only
background_0142,24.100000000000005,93.25,2010-10-08 00:00:00+00:00,Manipur,2.71,45.7,83.52,622.3936,42.3994,220.6843,0.92,0,background_sample,matched_calendar_date_only
background_0143,24.100000000000005,93.29999999999998,2010-10-08 00:00:00+00:00,Manipur,2.71,45.7,83.52,795.9315,28.5221,55.914,0.92,0,background_sample,matched_calendar_date_only
background_0266,25.65000000000001,93.5,2010-10-08 00:00:00+00:00,Nagaland,1.39,26.25,46.5,227.5744,6.6926,268.3207,0.91,0,background_sample,matched_calendar_date_only
background_0267,25.65000000000001,93.54999999999998,2010-10-08 00:00:00+00:00,Nagaland,1.39,26.25,46.5,223.0976,7.2695,339.6363,0.91,0,background_sample,matched_calendar_date_only
2566,25.4769,94.1351,2010-10-08 00:00:00+00:00,Nagaland,1.32,25.29,50.91,1668.7533,20.5274,104.2391,0.95,1,confirmed_reported_event,date_only
2567,25.6633,94.4703,2010-10-08 00:00:00+00:00,Manipur,1.32,25.29,50.91,1446.1299,5.9227,277.5699,0.95,1,confirmed_reported_event,date_only
2568,24.7679,93.4108,2010-10-08 00:00:00+00:00,Assam,2.62,37.06,65.84,516.0626,23.5624,263.7545,0.96,1,confirmed_reported_event,date_only
2569,25.2745,94.0212,2010-10-08 00:00:00+00:00,Nagaland,1.39,26.25,46.5,1077.8557,17.0018,176.4338,0.91,1,confirmed_reported_event,date_only
2570,24.837,93.9128,2010-10-08 00:00:00+00:00,Manipur,1.99,36.43,67.14,799.356,18.9698,206.9735,0.95,1,confirmed_reported_event,date_only
background_0068,24.70000000000001,92.79999999999984,2010-10-09 00:00:00+00:00,Assam,2.35,133.07,206.81,27.9423,6.9213,3.5527,0.97,0,background_sample,matched_calendar_date_only
background_0069,24.75000000000001,92.69999999999985,2010-10-09 00:00:00+00:00,Assam,2.65,122.84,181.81,21.5571,1.1191,317.3746,1.0,0,background_sample,matched_calendar_date_only
background_0070,24.75000000000001,92.74999999999984,2010-10-09 00:00:00+00:00,Assam,2.65,122.84,181.81,15.5359,1.2334,85.0121,1.0,0,background_sample,matched_calendar_date_only
background_0268,25.65000000000001,93.59999999999998,2010-10-09 00:00:00+00:00,Nagaland,3.02,66.55,113.05,241.3674,0.8577,279.2572,0.96,0,background_sample,matched_calendar_date_only
background_0269,25.65000000000001,93.64999999999998,2010-10-09 00:00:00+00:00,Nagaland,3.02,66.55,113.05,317.8875,5.0928,325.9019,0.96,0,background_sample,matched_calendar_date_only
background_0270,25.65000000000001,94.84999999999992,2010-10-09 00:00:00+00:00,Nagaland,1.16,54.37,107.22,665.1688,38.9587,289.8262,0.95,0,background_sample,matched_calendar_date_only
background_0271,25.65000000000001,94.8999999999999,2010-10-09 00:00:00+00:00,Nagaland,1.16,54.37,107.22,2235.9656,33.551,291.9786,0.95,0,background_sample,matched_calendar_date_only
2573,25.1796,93.0083,2010-10-09 00:00:00+00:00,Assam,2.68,101.05,166.89,690.4821,3.9636,44.4613,0.99,1,confirmed_reported_event,date_only
2574,25.4749,93.1477,2010-10-09 00:00:00+00:00,Assam,3.17,71.04,114.64,152.2249,3.8029,0.8072,0.96,1,confirmed_reported_event,date_only
2575,25.5242,92.9914,2010-10-09 00:00:00+00:00,Assam,3.17,71.04,114.64,157.1344,16.0943,45.9337,0.96,1,confirmed_reported_event,date_only
2576,25.4788,94.1399,2010-10-09 00:00:00+00:00,Nagaland,2.41,61.46,112.37,1647.0665,10.9979,176.167,0.98,1,confirmed_reported_event,date_only
2577,25.5265,93.8673,2010-10-09 00:00:00+00:00,Nagaland,3.02,66.55,113.05,1378.1396,23.9942,302.3257,0.96,1,confirmed_reported_event,date_only
2578,25.3179,94.0462,2010-10-09 00:00:00+00:00,Nagaland,3.02,66.55,113.05,998.4588,17.9695,276.4536,0.96,1,confirmed_reported_event,date_only
2579,25.682,94.1076,2010-10-09 00:00:00+00:00,Nagaland,2.41,61.46,112.37,1439.1998,3.844,284.1092,0.98,1,confirmed_reported_event,date_only
background_0272,25.700000000000006,93.54999999999998,2010-10-10 06:00:00+00:00,Nagaland,0.02,7.47,120.52,195.6464,8.8664,192.3402,0.94,0,background_sample,matched_calendar_date_only
2587,25.6623,94.1072,2010-10-10 06:00:00+00:00,Nagaland,0.02,7.47,119.84,1382.5049,12.5571,80.005,0.96,1,confirmed_reported_event,date_only
background_0010,26.950000000000003,93.04999999999993,2010-11-22 00:00:00+00:00,Arunachal Pradesh,0.0,2.5,23.7,310.8988,12.8029,286.136,0.79,0,background_sample,matched_calendar_date_only
2743,27.5798729,91.85672387,2010-11-22 00:00:00+00:00,Arunachal Pradesh,0.0,0.0,2.56,2758.5225,26.7641,250.573,0.75,1,confirmed_reported_event,date_only
background_0011,26.950000000000003,93.09999999999992,2011-03-22 00:00:00+00:00,Arunachal Pradesh,0.0,4.4,69.84,296.611,12.8985,51.0893,0.63,0,background_sample,matched_calendar_date_only
3269,28.0791,96.5242,2011-03-22 00:00:00+00:00,Arunachal Pradesh,0.39,24.9,97.84,552.6971,32.8347,167.7334,0.82,1,confirmed_reported_event,date_only
background_0071,24.75000000000001,92.79999999999984,2011-05-22 00:00:00+00:00,Assam,0.15,27.29,115.12,17.2535,0.1383,232.7492,0.9,0,background_sample,matched_calendar_date_only
3525,25.0672,93.4093,2011-05-22 00:00:00+00:00,Assam,0.51,36.37,122.39,464.652,13.3939,220.5076,0.91,1,confirmed_reported_event,date_only
background_0072,24.80000000000001,92.54999999999984,2011-05-24 00:00:00+00:00,Assam,0.51,18.39,103.64,41.2139,15.0943,276.0815,0.86,0,background_sample,matched_calendar_date_only
3532,25.0888,92.8551,2011-05-24 00:00:00+00:00,Assam,1.0,28.21,135.29,256.7967,26.0987,1.8272,0.84,1,confirmed_reported_event,date_only
background_0144,24.100000000000005,93.34999999999998,2011-05-31 14:00:00+00:00,Manipur,0.24,18.98,53.19,488.0403,4.7474,62.371,0.79,0,background_sample,matched_calendar_date_only
3556,25.1555,93.8474,2011-05-31 14:00:00+00:00,Manipur,1.07,20.77,50.49,1370.3966,41.054,172.4761,0.82,1,confirmed_reported_event,date_only
background_0145,24.100000000000005,93.39999999999998,2011-05-31 14:30:00+00:00,Manipur,0.24,18.98,53.19,789.8867,22.546,99.4861,0.79,0,background_sample,matched_calendar_date_only
3560,24.8286,93.5935,2011-05-31 14:30:00+00:00,Manipur,1.07,20.77,50.49,739.1918,36.1213,190.9263,0.82,1,confirmed_reported_event,date_only
background_0273,25.700000000000006,93.59999999999998,2011-06-20 00:00:00+00:00,Nagaland,0.06,4.16,45.36,240.6655,12.2971,208.4965,0.76,0,background_sample,matched_calendar_date_only
3633,26.3186,94.5121,2011-06-20 00:00:00+00:00,Nagaland,0.09,5.74,31.56,1253.1935,11.7315,190.8268,0.78,1,confirmed_reported_event,date_only
background_0274,25.700000000000006,94.84999999999992,2011-06-21 00:00:00+00:00,Nagaland,0.05,4.72,45.73,745.0764,29.7692,123.9846,0.76,0,background_sample,matched_calendar_date_only
3637,25.51614662,94.2341227,2011-06-21 00:00:00+00:00,Nagaland,0.01,4.59,45.42,1648.3986,23.0145,267.584,0.81,1,confirmed_reported_event,date_only
background_0146,24.100000000000005,93.44999999999996,2011-06-28 00:00:00+00:00,Manipur,0.17,12.18,77.63,1466.0125,36.6379,119.9521,0.83,0,background_sample,matched_calendar_date_only
background_0275,25.700000000000006,94.8999999999999,2011-06-28 00:00:00+00:00,Nagaland,0.38,11.41,80.75,1856.1497,6.0878,124.7106,0.83,0,background_sample,matched_calendar_date_only
3662,25.03561729,94.0144205,2011-06-28 00:00:00+00:00,Manipur,0.45,22.85,104.02,856.0962,33.1686,136.4928,0.92,1,confirmed_reported_event,date_only
3663,25.6682,94.1099,2011-06-28 00:00:00+00:00,Nagaland,0.5,15.02,85.29,1432.3696,14.2381,45.1188,0.9,1,confirmed_reported_event,date_only
background_0073,24.80000000000001,92.59999999999984,2011-06-29 00:00:00+00:00,Assam,0.5,15.04,188.25,28.1649,1.5773,11.0477,0.93,0,background_sample,matched_calendar_date_only
3672,25.5125,93.3613,2011-06-29 00:00:00+00:00,Assam,0.35,10.67,110.6,315.3729,8.4783,191.3789,0.82,1,confirmed_reported_event,date_only
background_0276,25.700000000000006,94.9499999999999,2011-07-01 00:00:00+00:00,Nagaland,0.19,6.4,86.77,1575.66,25.1298,13.533,0.81,0,background_sample,matched_calendar_date_only
3683,25.8782,94.1739,2011-07-01 00:00:00+00:00,Nagaland,0.4,11.11,81.7,1348.7766,25.677,60.4518,0.86,1,confirmed_reported_event,date_only
background_0147,24.100000000000005,93.49999999999996,2011-07-06 00:00:00+00:00,Manipur,0.09,5.47,46.33,853.0862,27.6006,295.0667,0.79,0,background_sample,matched_calendar_date_only
3738,24.8063,93.9482,2011-07-06 00:00:00+00:00,Manipur,0.04,7.45,65.05,781.5254,0.6756,75.9701,0.86,1,confirmed_reported_event,date_only
background_0277,25.750000000000007,93.59999999999998,2011-07-07 00:00:00+00:00,Nagaland,0.02,1.93,77.48,177.1377,0.1289,118.0929,0.79,0,background_sample,matched_calendar_date_only
3741,25.4191,94.1079,2011-07-07 00:00:00+00:00,Nagaland,0.04,2.03,59.26,1391.0193,14.7767,61.5134,0.85,1,confirmed_reported_event,date_only
background_0278,25.750000000000007,94.9499999999999,2011-07-11 09:00:00+00:00,Nagaland,0.01,0.44,30.74,2246.1304,22.0048,41.1809,0.89,0,background_sample,matched_calendar_date_only
3760,25.6703,94.1095,2011-07-11 09:00:00+00:00,Nagaland,0.0,0.27,29.08,1447.303,25.2691,91.9325,0.82,1,confirmed_reported_event,date_only
background_0012,26.950000000000003,93.1499999999999,2011-07-15 18:00:00+00:00,Arunachal Pradesh,0.87,44.72,98.92,236.3828,13.0676,268.1106,0.86,0,background_sample,matched_calendar_date_only
3776,27.125,93.7145,2011-07-15 18:00:00+00:00,Arunachal Pradesh,1.2,51.22,122.8,132.7244,0.3663,342.9925,0.9,1,confirmed_reported_event,date_only
background_0013,26.950000000000003,93.1999999999999,2011-07-16 00:00:00+00:00,Arunachal Pradesh,0.79,12.33,109.56,374.7812,23.2547,295.2176,0.84,0,background_sample,matched_calendar_date_only
3789,27.2743,92.9064,2011-07-16 00:00:00+00:00,Arunachal Pradesh,0.23,17.24,133.38,639.5857,13.8622,178.8514,0.9,1,confirmed_reported_event,date_only
background_0334,27.60000000000001,88.19999999999999,2011-07-17 00:00:00+00:00,Sikkim,0.12,4.49,78.5,4829.1753,14.8867,46.9271,0.86,0,background_sample,matched_calendar_date_only
3794,26.99195749,88.42280921,2011-07-17 00:00:00+00:00,Sikkim,0.26,9.12,114.36,268.9617,31.351,170.1764,0.88,1,confirmed_reported_event,date_only
background_0014,27.000000000000004,92.14999999999996,2011-07-19 00:00:00+00:00,Arunachal Pradesh,0.33,21.18,84.75,,,,0.78,0,background_sample,matched_calendar_date_only
background_0335,27.60000000000001,88.24999999999999,2011-07-19 00:00:00+00:00,Sikkim,0.31,8.92,66.44,4926.6348,42.3844,337.4803,0.86,0,background_sample,matched_calendar_date_only
3805,27.05374234,88.42572376,2011-07-19 00:00:00+00:00,Sikkim,0.39,15.18,85.02,238.0451,45.2071,79.2787,0.88,1,confirmed_reported_event,date_only
3806,27.1032,93.6884,2011-07-19 00:00:00+00:00,Arunachal Pradesh,6.13,93.77,250.57,151.2855,3.1414,351.6629,0.92,1,confirmed_reported_event,date_only
background_0148,24.100000000000005,93.54999999999995,2011-07-22 00:00:00+00:00,Manipur,0.03,8.19,109.05,658.6486,18.6584,323.3335,0.85,0,background_sample,matched_calendar_date_only
background_0149,24.100000000000005,93.59999999999997,2011-07-22 00:00:00+00:00,Manipur,0.03,8.19,109.05,1135.6414,28.7331,269.546,0.85,0,background_sample,matched_calendar_date_only
3830,24.3527,94.3429,2011-07-22 00:00:00+00:00,Manipur,0.06,9.64,142.87,284.372,27.1221,48.0387,0.9,1,confirmed_reported_event,date_only
3831,24.7992,93.948,2011-07-22 00:00:00+00:00,Manipur,0.03,11.21,162.96,782.2092,1.4244,314.2547,0.92,1,confirmed_reported_event,date_only
background_0074,24.80000000000001,92.64999999999984,2011-07-24 12:30:00+00:00,Assam,0.03,7.57,124.92,15.6172,0.91,320.1936,0.96,0,background_sample,matched_calendar_date_only
3837,26.5836,93.0038,2011-07-24 12:30:00+00:00,Assam,0.02,12.76,127.94,67.7237,0.9222,41.1639,0.9,1,confirmed_reported_event,date_only
background_0150,24.100000000000005,93.64999999999996,2011-07-25 00:00:00+00:00,Manipur,0.03,0.39,79.44,1091.0044,17.2818,94.1709,0.81,0,background_sample,matched_calendar_date_only
3840,24.6869,93.9157,2011-07-25 00:00:00+00:00,Manipur,0.0,0.23,113.34,771.6218,0.1026,338.4925,0.91,1,confirmed_reported_event,date_only
background_0279,25.750000000000007,94.9999999999999,2011-07-29 00:00:00+00:00,Nagaland,1.06,19.38,75.26,,,,0.96,0,background_sample,matched_calendar_date_only
3860,25.4192,94.108,2011-07-29 00:00:00+00:00,Nagaland,0.3,5.18,41.63,1384.0424,15.2128,35.8578,0.9,1,confirmed_reported_event,date_only
background_0015,27.000000000000004,92.19999999999996,2011-08-05 00:00:00+00:00,Arunachal Pradesh,1.28,44.61,71.15,,,,0.87,0,background_sample,matched_calendar_date_only
3881,27.1034,93.6885,2011-08-05 00:00:00+00:00,Arunachal Pradesh,1.11,25.47,68.52,149.8369,2.7717,33.5722,0.9,1,confirmed_reported_event,date_only
background_0016,27.000000000000004,92.24999999999996,2011-08-12 00:00:00+00:00,Arunachal Pradesh,0.0,0.31,38.49,,,,0.83,0,background_sample,matched_calendar_date_only
3912,27.44,92.2833,2011-08-12 00:00:00+00:00,Arunachal Pradesh,0.0,0.17,30.26,2629.9858,4.0037,45.6502,0.82,1,confirmed_reported_event,date_only
background_0075,24.80000000000001,92.69999999999985,2011-08-13 08:00:00+00:00,Assam,0.59,7.93,180.95,67.2728,6.6735,163.2934,0.97,0,background_sample,matched_calendar_date_only
3916,25.7713,93.8067,2011-08-13 08:00:00+00:00,Assam,0.28,5.75,56.9,234.2957,3.9422,2.1499,0.84,1,confirmed_reported_event,date_only
background_0017,27.000000000000004,92.29999999999995,2011-08-15 00:00:00+00:00,Arunachal Pradesh,0.22,4.37,45.68,,,,0.85,0,background_sample,matched_calendar_date_only
3925,27.4888,93.0153,2011-08-15 00:00:00+00:00,Arunachal Pradesh,1.72,16.87,45.01,551.2834,32.8829,326.2655,0.89,1,confirmed_reported_event,date_only
background_0193,25.200000000000003,90.79999999999994,2011-08-16 08:00:00+00:00,Meghalaya,8.41,34.82,224.49,80.3025,12.6912,279.945,0.93,0,background_sample,matched_calendar_date_only
3927,25.5144,90.2167,2011-08-16 08:00:00+00:00,Meghalaya,12.71,60.13,234.49,308.4261,12.2061,225.8342,0.93,1,confirmed_reported_event,date_only
background_0280,25.800000000000008,94.9999999999999,2011-08-18 00:00:00+00:00,Nagaland,0.14,9.62,116.5,,,,0.97,0,background_sample,matched_calendar_date_only
3932,25.83,94.13,2011-08-18 00:00:00+00:00,Nagaland,0.16,13.73,88.89,1014.579,8.409,36.315,0.96,1,confirmed_reported_event,date_only
background_0076,24.80000000000001,92.74999999999984,2011-09-06 08:00:00+00:00,Assam,0.44,27.88,61.24,16.6975,0.6974,84.5439,0.97,0,background_sample,matched_calendar_date_only
3965,24.808,93.117,2011-09-06 08:00:00+00:00,Assam,0.3,7.55,26.21,37.3224,1.5814,152.608,0.91,1,confirmed_reported_event,date_only
background_0077,24.85000000000001,92.59999999999984,2011-09-23 00:00:00+00:00,Assam,1.03,13.09,75.42,16.6601,1.0805,143.0257,0.96,0,background_sample,matched_calendar_date_only
3983,26.1548,91.7351,2011-09-23 00:00:00+00:00,Assam,0.69,21.43,100.01,53.8119,1.5658,151.6174,0.93,1,confirmed_reported_event,date_only
background_0151,24.100000000000005,93.69999999999996,2012-03-04 00:00:00+00:00,Manipur,0.01,1.22,11.31,1445.3651,29.4978,288.4452,0.5,0,background_sample,matched_calendar_date_only
4241,25.1604,93.6795,2012-03-04 00:00:00+00:00,Manipur,0.0,2.23,13.67,1090.4222,18.8588,311.4053,0.61,1,confirmed_reported_event,date_only
background_0018,27.000000000000004,92.34999999999997,2012-04-08 00:00:00+00:00,Arunachal Pradesh,0.0,6.91,34.19,,,,0.59,0,background_sample,matched_calendar_date_only
4313,28.4659,95.86,2012-04-08 00:00:00+00:00,Arunachal Pradesh,0.28,6.84,14.42,1061.6244,33.4646,40.0037,0.68,1,confirmed_reported_event,date_only
background_0019,27.000000000000004,92.39999999999996,2012-06-02 00:00:00+00:00,Arunachal Pradesh,0.6,25.21,56.43,,,,0.7,0,background_sample,matched_calendar_date_only
background_0078,24.85000000000001,92.64999999999984,2012-06-02 00:00:00+00:00,Assam,0.11,42.14,99.57,20.8443,5.2579,129.6432,0.95,0,background_sample,matched_calendar_date_only
4377,26.1475,91.7356,2012-06-02 00:00:00+00:00,Assam,0.13,11.15,104.32,50.765,1.5081,115.2466,0.78,1,confirmed_reported_event,date_only
4378,28.8254,96.1517,2012-06-02 00:00:00+00:00,Arunachal Pradesh,0.14,2.28,11.19,3591.5325,21.3607,93.2547,0.67,1,confirmed_reported_event,date_only
background_0079,24.85000000000001,92.69999999999985,2012-06-03 00:00:00+00:00,Assam,1.67,36.94,132.92,17.413,0.7144,86.4812,0.94,0,background_sample,matched_calendar_date_only
background_0080,24.900000000000013,92.59999999999984,2012-06-03 00:00:00+00:00,Assam,1.67,36.94,132.92,16.0089,0.4583,70.0041,0.94,0,background_sample,matched_calendar_date_only
background_0081,24.900000000000013,92.64999999999984,2012-06-03 00:00:00+00:00,Assam,1.67,36.94,132.92,15.1742,0.8677,173.4015,0.94,0,background_sample,matched_calendar_date_only
4382,25.1175,92.8573,2012-06-03 00:00:00+00:00,Assam,0.42,27.33,88.8,148.4417,9.3865,212.5624,0.84,1,confirmed_reported_event,date_only
4383,25.3056,93.1265,2012-06-03 00:00:00+00:00,Assam,0.59,39.76,91.42,299.0306,20.247,243.3185,0.83,1,confirmed_reported_event,date_only
4384,25.1775,93.0123,2012-06-03 00:00:00+00:00,Assam,0.42,27.33,88.8,649.746,18.427,320.0919,0.84,1,confirmed_reported_event,date_only
background_0336,27.60000000000001,88.29999999999998,2012-06-07 04:30:00+00:00,Sikkim,0.0,0.49,34.84,3864.6709,47.176,219.7334,0.6,0,background_sample,matched_calendar_date_only
4394,27.1748,88.6458,2012-06-07 04:30:00+00:00,Sikkim,0.0,4.32,65.15,945.636,16.8609,266.5631,0.55,1,confirmed_reported_event,date_only
background_0152,24.100000000000005,93.74999999999996,2012-06-10 00:00:00+00:00,Manipur,0.05,1.39,40.69,1149.106,33.1533,200.4875,0.59,0,background_sample,matched_calendar_date_only
4403,24.8142,93.5444,2012-06-10 00:00:00+00:00,Manipur,0.05,0.82,51.79,517.7041,34.0774,135.4127,0.68,1,confirmed_reported_event,date_only
background_0082,24.950000000000014,93.2499999999998,2012-06-13 00:00:00+00:00,Assam,0.42,6.78,40.51,107.1593,4.1513,256.7843,0.77,0,background_sample,matched_calendar_date_only
background_0194,25.200000000000003,90.84999999999994,2012-06-13 00:00:00+00:00,Meghalaya,0.18,7.14,48.26,96.4399,13.8276,217.5731,0.71,0,background_sample,matched_calendar_date_only
4407,25.0951,92.3567,2012-06-13 00:00:00+00:00,Assam,1.31,15.42,111.95,231.7271,25.7381,250.3827,0.94,1,confirmed_reported_event,date_only
4408,25.5498,92.0757,2012-06-13 00:00:00+00:00,Meghalaya,0.88,15.32,108.84,1276.3973,21.1184,333.8933,0.94,1,confirmed_reported_event,date_only
background_0337,27.60000000000001,88.34999999999998,2012-06-14 04:00:00+00:00,Sikkim,0.0,0.24,2.05,2999.3933,24.067,18.0556,0.56,0,background_sample,matched_calendar_date_only
4411,27.339,88.6065,2012-06-14 04:00:00+00:00,Sikkim,0.01,0.31,3.28,1502.8668,20.0158,295.5258,0.52,1,confirmed_reported_event,date_only
background_0083,25.00000000000001,93.1999999999998,2012-06-20 00:00:00+00:00,Assam,0.06,2.04,83.94,,,,0.79,0,background_sample,matched_calendar_date_only
4424,26.149,91.7351,2012-06-20 00:00:00+00:00,Assam,0.01,1.53,97.5,51.9034,1.2758,301.6434,0.8,1,confirmed_reported_event,date_only
background_0084,25.30000000000002,93.3499999999998,2012-06-22 00:00:00+00:00,Assam,2.28,22.99,53.36,1049.4126,22.2556,294.6062,0.79,0,background_sample,matched_calendar_date_only
4426,26.1226,91.7162,2012-06-22 00:00:00+00:00,Assam,0.3,3.83,67.83,72.9323,14.8388,169.2986,0.83,1,confirmed_reported_event,date_only
background_0020,27.000000000000004,92.89999999999992,2012-06-25 00:00:00+00:00,Arunachal Pradesh,0.69,22.18,110.93,,,,0.84,0,background_sample,matched_calendar_date_only
background_0021,27.000000000000004,92.94999999999992,2012-06-25 00:00:00+00:00,Arunachal Pradesh,0.69,22.18,110.93,,,,0.84,0,background_sample,matched_calendar_date_only
4435,27.174,95.8011,2012-06-25 00:00:00+00:00,Arunachal Pradesh,0.85,20.76,114.09,294.5936,0.7597,154.1082,0.91,1,confirmed_reported_event,date_only
4436,26.9986,95.4993,2012-06-25 00:00:00+00:00,Arunachal Pradesh,0.85,20.76,114.09,639.5731,36.1509,6.5352,0.91,1,confirmed_reported_event,date_only
background_0085,25.30000000000002,93.3999999999998,2012-06-25 18:00:00+00:00,Assam,0.71,15.19,82.43,1447.4368,37.8239,61.5864,0.82,0,background_sample,matched_calendar_date_only
4434,26.1049,91.7369,2012-06-25 18:00:00+00:00,Assam,5.39,72.61,162.04,163.6176,17.7008,111.9701,0.89,1,confirmed_reported_event,date_only
background_0022,27.000000000000004,92.99999999999991,2012-07-05 00:00:00+00:00,Arunachal Pradesh,0.65,10.41,81.73,,,,0.87,0,background_sample,matched_calendar_date_only
4446,28.9986,94.8885,2012-07-05 00:00:00+00:00,Arunachal Pradesh,0.3,7.59,63.34,591.5427,10.5748,18.1394,0.85,1,confirmed_reported_event,date_only
background_0338,27.60000000000001,88.39999999999998,2012-09-14 00:00:00+00:00,Sikkim,0.5,23.3,48.73,2683.834,34.2023,216.9625,0.89,0,background_sample,matched_calendar_date_only
4552,27.0377,88.3603,2012-09-14 00:00:00+00:00,Sikkim,0.72,31.95,58.27,1483.7612,18.0644,157.8723,0.89,1,confirmed_reported_event,date_only
background_0339,27.60000000000001,88.44999999999997,2012-09-16 00:00:00+00:00,Sikkim,0.39,19.45,71.15,1807.625,33.2669,166.355,0.87,0,background_sample,matched_calendar_date_only
4556,27.1675,88.3651,2012-09-16 00:00:00+00:00,Sikkim,0.83,44.13,118.55,1516.3796,23.5499,184.3728,0.91,1,confirmed_reported_event,date_only
background_0023,27.000000000000004,93.04999999999993,2012-09-19 00:00:00+00:00,Arunachal Pradesh,0.43,17.87,103.65,,,,0.92,0,background_sample,matched_calendar_date_only
4570,27.8458,95.2253,2012-09-19 00:00:00+00:00,Arunachal Pradesh,3.19,42.86,230.33,134.0004,0.1339,2.8279,0.96,1,confirmed_reported_event,date_only
background_0227,22.15,92.69999999999996,2012-11-11 00:00:00+00:00,Mizoram,0.0,0.0,16.84,247.7916,23.8165,235.4295,0.73,0,background_sample,matched_calendar_date_only
4610,23.7705,92.5217,2012-11-11 00:00:00+00:00,Mizoram,0.0,0.0,32.49,73.7371,13.9954,276.3628,0.76,1,confirmed_reported_event,date_only
background_0024,27.000000000000004,93.09999999999992,2013-02-18 00:00:00+00:00,Arunachal Pradesh,0.25,8.74,8.81,,,,0.59,0,background_sample,matched_calendar_date_only
4757,28.1193,95.1645,2013-02-18 00:00:00+00:00,Arunachal Pradesh,0.81,4.4,4.43,771.7606,33.9166,212.0349,0.65,1,confirmed_reported_event,date_only
background_0025,27.000000000000004,93.1499999999999,2013-04-07 00:00:00+00:00,Arunachal Pradesh,0.0,0.0,13.1,,,,0.49,0,background_sample,matched_calendar_date_only
4798,28.8254,96.1509,2013-04-07 00:00:00+00:00,Arunachal Pradesh,0.0,1.53,18.06,3627.2451,28.6693,78.2981,0.72,1,confirmed_reported_event,date_only
background_0228,22.15,92.74999999999996,2013-05-07 00:00:00+00:00,Mizoram,2.87,63.05,202.17,94.4595,7.0351,351.6472,0.84,0,background_sample,matched_calendar_date_only
4845,24.2315,92.6755,2013-05-07 00:00:00+00:00,Mizoram,1.43,43.94,198.75,668.9224,9.2722,130.6941,0.81,1,confirmed_reported_event,date_only
background_0350,23.1,91.39999999999998,2013-05-08 00:00:00+00:00,Tripura,0.49,39.02,186.86,13.2993,3.6808,105.1063,0.76,0,background_sample,matched_calendar_date_only
4848,24.0896,91.4663,2013-05-08 00:00:00+00:00,Tripura,0.87,39.29,170.31,106.8848,10.0609,12.688,0.71,1,confirmed_reported_event,date_only
background_0087,25.35000000000002,93.4499999999998,2013-05-11 00:00:00+00:00,Assam,0.91,10.18,105.04,1633.4983,42.18,267.7994,0.77,0,background_sample,matched_calendar_date_only
background_0088,25.45000000000002,92.64999999999984,2013-05-11 00:00:00+00:00,Assam,1.8,43.9,203.46,782.7769,10.0179,90.5546,0.88,0,background_sample,matched_calendar_date_only
4859,26.1771,91.7599,2013-05-11 00:00:00+00:00,Assam,3.46,41.2,221.24,86.9079,8.6432,296.7033,0.87,1,confirmed_reported_event,date_only
4860,26.1016,91.6906,2013-05-11 00:00:00+00:00,Assam,3.46,41.2,221.24,99.7809,44.6769,14.8515,0.87,1,confirmed_reported_event,date_only
background_0086,25.30000000000002,93.4499999999998,2013-05-11 09:00:00+00:00,Assam,0.91,10.18,105.04,1257.4594,21.5221,143.0573,0.77,0,background_sample,matched_calendar_date_only
background_0229,22.15,92.79999999999995,2013-05-11 09:00:00+00:00,Mizoram,0.12,6.47,265.55,281.8745,17.2493,216.1713,0.77,0,background_sample,matched_calendar_date_only
4857,23.7281,92.7175,2013-05-11 09:00:00+00:00,Mizoram,1.12,32.74,298.92,1080.5865,10.4814,240.0487,0.85,1,confirmed_reported_event,date_only
4858,26.1662,91.7138,2013-05-11 09:00:00+00:00,Assam,3.46,41.2,221.24,138.1232,22.2079,96.0635,0.87,1,confirmed_reported_event,date_only
background_0089,25.45000000000002,92.69999999999985,2013-05-12 00:00:00+00:00,Assam,0.78,37.44,218.22,654.0171,6.1808,312.5905,0.9,0,background_sample,matched_calendar_date_only
4861,24.9926,93.4946,2013-05-12 00:00:00+00:00,Assam,0.34,24.94,133.25,1131.0548,7.2465,273.7543,0.87,1,confirmed_reported_event,date_only
background_0026,27.000000000000004,93.1999999999999,2013-06-01 00:00:00+00:00,Arunachal Pradesh,0.0,1.47,31.83,,,,0.69,0,background_sample,matched_calendar_date_only
4892,27.8776,94.25,2013-06-01 00:00:00+00:00,Arunachal Pradesh,0.09,5.05,40.66,946.1594,39.1383,139.5649,0.76,1,confirmed_reported_event,date_only
background_0281,25.800000000000008,95.0499999999999,2013-06-07 00:00:00+00:00,Nagaland,0.61,10.49,28.33,2955.9385,19.2788,348.3567,0.81,0,background_sample,matched_calendar_date_only
background_0282,25.85000000000001,94.9999999999999,2013-06-07 00:00:00+00:00,Nagaland,0.61,10.49,28.33,,,,0.81,0,background_sample,matched_calendar_date_only
4905,26.0977,94.7031,2013-06-07 00:00:00+00:00,Nagaland,0.61,10.49,28.33,1704.9382,36.351,316.0045,0.81,1,confirmed_reported_event,date_only
4906,26.0977,94.7499,2013-06-07 00:00:00+00:00,Nagaland,0.61,10.49,28.33,1552.8273,4.6314,308.0336,0.81,1,confirmed_reported_event,date_only
background_0340,27.65000000000001,88.14999999999999,2013-06-08 17:00:00+00:00,Sikkim,0.15,3.07,33.84,5395.9287,19.9656,96.2226,0.71,0,background_sample,matched_calendar_date_only
4908,27.3721,88.708,2013-06-08 17:00:00+00:00,Sikkim,0.06,1.61,26.74,3169.5664,43.8422,194.9467,0.65,1,confirmed_reported_event,date_only
background_0341,27.65000000000001,88.19999999999999,2013-06-27 23:00:00+00:00,Sikkim,0.15,25.91,93.21,5312.4912,41.7946,67.0386,0.81,0,background_sample,matched_calendar_date_only
4990,27.3765,88.7628,2013-06-27 23:00:00+00:00,Sikkim,0.17,22.6,84.34,3751.0,10.8632,190.2447,0.75,1,confirmed_reported_event,date_only
background_0283,25.90000000000001,94.9999999999999,2013-07-01 00:00:00+00:00,Nagaland,0.51,9.23,98.98,,,,0.87,0,background_sample,matched_calendar_date_only
background_0284,25.95000000000001,94.9999999999999,2013-07-01 00:00:00+00:00,Nagaland,0.51,9.23,98.98,,,,0.87,0,background_sample,matched_calendar_date_only
5005,26.72,95.029,2013-07-01 00:00:00+00:00,Nagaland,0.55,9.82,111.07,689.3969,12.0042,160.7973,0.85,1,confirmed_reported_event,date_only
5006,26.1147,94.3864,2013-07-01 00:00:00+00:00,Nagaland,0.17,8.55,97.31,338.0,18.7314,84.8247,0.84,1,confirmed_reported_event,date_only
background_0286,26.00000000000001,93.99999999999996,2013-07-12 00:00:00+00:00,Nagaland,0.91,22.29,89.12,,,,0.88,0,background_sample,matched_calendar_date_only
5087,25.6269,94.1139,2013-07-12 00:00:00+00:00,Nagaland,0.74,32.73,121.69,1563.2802,14.1251,33.6797,0.95,1,confirmed_reported_event,date_only
background_0285,25.95000000000001,95.0499999999999,2013-07-12 23:00:00+00:00,Nagaland,0.72,19.11,104.01,2534.4597,22.9681,304.9108,0.95,0,background_sample,matched_calendar_date_only
5084,25.616,94.1167,2013-07-12 23:00:00+00:00,Nagaland,0.74,32.73,121.69,1590.1379,20.7745,105.9161,0.95,1,confirmed_reported_event,date_only
background_0287,26.00000000000001,94.9999999999999,2013-07-15 00:00:00+00:00,Nagaland,0.35,17.09,115.61,,,,0.93,0,background_sample,matched_calendar_date_only
5107,25.6269,94.1139,2013-07-15 00:00:00+00:00,Nagaland,1.1,22.52,146.46,1563.2802,14.1251,33.6797,0.87,1,confirmed_reported_event,date_only
background_0288,26.00000000000001,95.0499999999999,2013-07-17 00:00:00+00:00,Nagaland,0.2,12.8,119.7,,,,0.92,0,background_sample,matched_calendar_date_only
background_0289,26.00000000000001,95.0999999999999,2013-07-17 00:00:00+00:00,Nagaland,0.2,12.8,119.7,,,,0.92,0,background_sample,matched_calendar_date_only
5122,25.7658,93.9413,2013-07-17 00:00:00+00:00,Nagaland,0.2,7.32,97.33,819.2241,41.1305,211.9289,0.81,1,confirmed_reported_event,date_only
5123,25.7131,94.0885,2013-07-17 00:00:00+00:00,Nagaland,0.15,7.73,147.32,1411.6787,26.4149,262.0548,0.86,1,confirmed_reported_event,date_only
background_0027,27.000000000000004,93.2499999999999,2013-08-01 00:00:00+00:00,Arunachal Pradesh,0.01,9.24,61.04,,,,0.89,0,background_sample,matched_calendar_date_only
5250,27.8837,93.0515,2013-08-01 00:00:00+00:00,Arunachal Pradesh,0.01,5.87,51.3,1582.9766,45.4549,170.2666,0.89,1,confirmed_reported_event,date_only
background_0290,26.05000000000001,93.99999999999996,2013-08-04 00:00:00+00:00,Nagaland,0.0,0.25,41.3,,,,0.81,0,background_sample,matched_calendar_date_only
background_0291,26.05000000000001,94.04999999999995,2013-08-04 00:00:00+00:00,Nagaland,0.0,0.25,41.3,625.2261,26.9939,268.0699,0.81,0,background_sample,matched_calendar_date_only
background_0292,26.05000000000001,95.0499999999999,2013-08-04 00:00:00+00:00,Nagaland,0.0,0.3,39.73,1115.4586,27.4754,157.8158,0.92,0,background_sample,matched_calendar_date_only
background_0293,26.05000000000001,95.0999999999999,2013-08-04 00:00:00+00:00,Nagaland,0.0,0.3,39.73,1722.9224,18.198,341.4872,0.92,0,background_sample,matched_calendar_date_only
background_0294,26.05000000000001,95.14999999999988,2013-08-04 00:00:00+00:00,Nagaland,0.0,0.3,39.73,2443.509,14.4157,296.253,0.92,0,background_sample,matched_calendar_date_only
background_0295,26.10000000000001,93.99999999999996,2013-08-04 00:00:00+00:00,Nagaland,0.0,0.25,41.3,,,,0.81,0,background_sample,matched_calendar_date_only
background_0296,26.10000000000001,94.04999999999995,2013-08-04 00:00:00+00:00,Nagaland,0.0,0.25,41.3,495.8549,35.4033,101.4809,0.81,0,background_sample,matched_calendar_date_only
background_0297,26.10000000000001,95.0999999999999,2013-08-04 00:00:00+00:00,Nagaland,0.0,0.3,39.73,2291.7334,28.467,335.8185,0.92,0,background_sample,matched_calendar_date_only
5268,26.0137,94.5163,2013-08-04 00:00:00+00:00,Nagaland,0.0,0.17,42.08,1717.4874,10.4917,252.7476,0.89,1,confirmed_reported_event,date_only
5269,25.8376,94.5234,2013-08-04 00:00:00+00:00,Nagaland,0.0,0.17,42.08,798.3748,1.7218,291.327,0.89,1,confirmed_reported_event,date_only
5270,26.0481,94.4619,2013-08-04 00:00:00+00:00,Nagaland,0.0,0.17,42.08,866.9506,29.3057,261.3825,0.89,1,confirmed_reported_event,date_only
5271,26.284,94.5808,2013-08-04 00:00:00+00:00,Nagaland,0.0,0.13,49.59,722.4674,31.6624,346.6697,0.86,1,confirmed_reported_event,date_only
5272,26.2083,94.5438,2013-08-04 00:00:00+00:00,Nagaland,0.0,0.17,42.08,1478.8226,4.9534,60.0157,0.89,1,confirmed_reported_event,date_only
5273,26.1807,94.5497,2013-08-04 00:00:00+00:00,Nagaland,0.0,0.17,42.08,1660.6221,35.4253,172.9524,0.89,1,confirmed_reported_event,date_only
5274,26.0838,94.564,2013-08-04 00:00:00+00:00,Nagaland,0.0,0.17,42.08,1838.8612,20.554,60.0294,0.89,1,confirmed_reported_event,date_only
5275,26.1498,94.6055,2013-08-04 00:00:00+00:00,Nagaland,0.0,0.17,42.08,1707.7048,29.913,211.5636,0.89,1,confirmed_reported_event,date_only
background_0298,26.150000000000013,95.0999999999999,2013-08-09 00:00:00+00:00,Nagaland,0.14,11.48,102.51,1726.2477,30.1317,327.4925,0.96,0,background_sample,matched_calendar_date_only
5300,25.318,94.0441,2013-08-09 00:00:00+00:00,Nagaland,0.11,3.77,71.62,994.1484,0.5744,5.559,0.84,1,confirmed_reported_event,date_only
background_0090,25.50000000000002,92.59999999999984,2013-08-11 23:00:00+00:00,Assam,0.3,9.06,84.5,747.2399,3.9028,95.0598,0.94,0,background_sample,matched_calendar_date_only
5312,26.7103,94.693,2013-08-11 23:00:00+00:00,Assam,0.12,1.92,121.34,688.0196,17.4429,206.9714,0.92,1,confirmed_reported_event,date_only
background_0302,26.350000000000016,94.24999999999994,2013-08-15 00:00:00+00:00,Nagaland,0.14,4.78,87.53,353.3443,40.077,306.8859,0.93,0,background_sample,matched_calendar_date_only
5427,25.3833,94.1884,2013-08-15 00:00:00+00:00,Nagaland,0.34,12.3,92.46,1687.8652,21.8668,246.3773,0.95,1,confirmed_reported_event,date_only
background_0091,25.50000000000002,92.64999999999984,2013-08-16 00:00:00+00:00,Assam,0.14,7.16,77.91,731.7671,6.9027,337.4572,0.95,0,background_sample,matched_calendar_date_only
background_0299,26.25000000000001,94.04999999999995,2013-08-16 00:00:00+00:00,Nagaland,0.2,3.54,66.85,130.0663,2.4647,121.4388,0.9,0,background_sample,matched_calendar_date_only
background_0300,26.30000000000001,94.09999999999997,2013-08-16 00:00:00+00:00,Nagaland,0.23,4.26,71.63,139.9295,7.4552,158.5124,0.91,0,background_sample,matched_calendar_date_only
5336,26.3897,94.9439,2013-08-16 00:00:00+00:00,Nagaland,0.34,6.85,61.76,522.8484,8.6452,233.5562,0.93,1,confirmed_reported_event,date_only
5337,26.4205,94.9731,2013-08-16 00:00:00+00:00,Nagaland,0.34,6.85,61.76,681.4864,34.4034,183.9998,0.93,1,confirmed_reported_event,date_only
5338,26.8727,94.9275,2013-08-16 00:00:00+00:00,Assam,0.33,7.15,48.74,132.9059,5.8221,8.9006,0.92,1,confirmed_reported_event,date_only
background_0092,25.50000000000002,92.69999999999985,2013-08-17 23:00:00+00:00,Assam,0.08,4.57,81.23,607.5,0.0,0.0,0.95,0,background_sample,matched_calendar_date_only
5343,24.7625,93.4341,2013-08-17 23:00:00+00:00,Assam,0.25,12.82,126.57,650.8542,39.4881,138.2454,0.93,1,confirmed_reported_event,date_only
background_0301,26.350000000000016,94.19999999999996,2013-08-30 00:00:00+00:00,Nagaland,0.19,12.99,83.71,191.0983,11.0323,148.802,0.93,0,background_sample,matched_calendar_date_only
5421,26.4205,94.9731,2013-08-30 00:00:00+00:00,Nagaland,0.21,13.52,80.23,681.4864,34.4034,183.9998,0.95,1,confirmed_reported_event,date_only
background_0093,25.50000000000002,92.74999999999984,2013-09-01 00:00:00+00:00,Assam,0.1,4.82,70.61,522.9195,9.6368,209.5851,0.93,0,background_sample,matched_calendar_date_only
background_0153,24.100000000000005,93.79999999999995,2013-09-01 00:00:00+00:00,Manipur,0.01,2.27,36.95,1032.5464,27.7654,201.0414,0.81,0,background_sample,matched_calendar_date_only
5430,24.9037,93.487,2013-09-01 00:00:00+00:00,Manipur,0.01,1.1,49.44,1246.7162,34.1292,251.711,0.88,1,confirmed_reported_event,date_only
5431,24.9829,93.5063,2013-09-01 00:00:00+00:00,Assam,0.01,1.1,49.44,1294.7689,29.175,11.3646,0.88,1,confirmed_reported_event,date_only
background_0342,27.65000000000001,88.24999999999999,2013-09-01 18:00:00+00:00,Sikkim,0.3,8.75,62.48,5059.8945,7.9889,200.341,0.91,0,background_sample,matched_calendar_date_only
5429,27.3425,88.2426,2013-09-01 18:00:00+00:00,Sikkim,0.3,8.75,62.48,1383.8251,33.5503,285.3023,0.91,1,confirmed_reported_event,date_only
background_0028,27.000000000000004,93.2999999999999,2013-09-02 00:00:00+00:00,Arunachal Pradesh,1.0,21.53,109.09,,,,0.92,0,background_sample,matched_calendar_date_only
background_0029,27.000000000000004,93.3499999999999,2013-09-02 00:00:00+00:00,Arunachal Pradesh,1.0,21.53,109.09,,,,0.92,0,background_sample,matched_calendar_date_only
5441,28.611,94.9829,2013-09-02 00:00:00+00:00,Arunachal Pradesh,0.79,19.17,104.02,1675.0171,37.3059,342.3596,0.9,1,confirmed_reported_event,date_only
5442,27.1614,93.7525,2013-09-02 00:00:00+00:00,Arunachal Pradesh,1.27,27.9,132.43,148.66,10.1627,60.3476,0.94,1,confirmed_reported_event,date_only
background_0343,27.65000000000001,88.29999999999998,2013-09-07 15:00:00+00:00,Sikkim,0.08,17.01,78.65,3038.0703,16.1736,45.9595,0.92,0,background_sample,matched_calendar_date_only
5476,27.3736,88.7323,2013-09-07 15:00:00+00:00,Sikkim,0.15,13.06,66.4,3426.5188,27.0445,196.1141,0.88,1,confirmed_reported_event,date_only
background_0154,24.15000000000001,93.0,2013-09-24 00:00:00+00:00,Manipur,0.08,1.55,15.58,,,,0.88,0,background_sample,matched_calendar_date_only
5552,25.0985,94.3619,2013-09-24 00:00:00+00:00,Manipur,0.0,0.03,1.4,1895.9939,8.224,322.9263,0.9,1,confirmed_reported_event,date_only
background_0303,26.350000000000016,94.29999999999994,2013-10-05 23:00:00+00:00,Nagaland,1.54,23.14,38.66,432.75,17.5998,348.4812,0.93,0,background_sample,matched_calendar_date_only
5575,25.8266,94.1497,2013-10-05 23:00:00+00:00,Nagaland,1.34,17.17,32.8,1383.0369,23.2972,23.7738,0.93,1,confirmed_reported_event,date_only
background_0095,25.550000000000026,92.69999999999985,2013-10-06 00:00:00+00:00,Assam,3.97,65.48,126.31,659.1528,15.3939,265.7977,0.97,0,background_sample,matched_calendar_date_only
5584,26.1665,91.7049,2013-10-06 00:00:00+00:00,Assam,3.91,61.42,147.4,233.6175,14.6593,181.5914,0.95,1,confirmed_reported_event,date_only
background_0094,25.550000000000026,92.64999999999984,2013-10-06 12:45:00+00:00,Assam,3.97,65.48,126.31,744.5095,6.233,35.035,0.97,0,background_sample,matched_calendar_date_only
5582,26.1309,91.8383,2013-10-06 12:45:00+00:00,Assam,3.91,61.42,147.4,103.1037,12.3217,63.6301,0.95,1,confirmed_reported_event,date_only
background_0155,24.15000000000001,93.25,2013-10-13 19:30:00+00:00,Manipur,0.1,2.17,33.49,868.947,10.773,84.6066,0.86,0,background_sample,matched_calendar_date_only
5603,25.426,94.6024,2013-10-13 19:30:00+00:00,Manipur,0.0,0.0,27.2,1339.6659,10.3566,307.4991,0.9,1,confirmed_reported_event,date_only
background_0030,27.000000000000004,93.39999999999988,2014-05-08 00:00:00+00:00,Arunachal Pradesh,1.49,32.94,66.87,,,,0.63,0,background_sample,matched_calendar_date_only
6015,27.9032,96.174,2014-05-08 00:00:00+00:00,Arunachal Pradesh,1.02,14.7,34.37,196.5,0.2958,270.4177,0.64,1,confirmed_reported_event,date_only
background_0096,25.550000000000026,92.74999999999984,2014-05-09 23:00:00+00:00,Assam,0.87,42.2,132.84,543.4355,17.6174,351.3402,0.82,0,background_sample,matched_calendar_date_only
6016,24.8669,92.3576,2014-05-09 23:00:00+00:00,Assam,1.55,49.3,149.51,18.0309,1.1652,48.3254,0.91,1,confirmed_reported_event,date_only
background_0031,27.050000000000004,92.09999999999997,2014-06-26 23:00:00+00:00,Arunachal Pradesh,0.03,6.01,180.25,2212.7559,18.4481,15.3952,0.71,0,background_sample,matched_calendar_date_only
background_0097,25.600000000000023,92.59999999999984,2014-06-26 23:00:00+00:00,Assam,0.42,3.68,167.19,752.71,8.1686,150.8011,0.83,0,background_sample,matched_calendar_date_only
background_0098,25.600000000000023,92.64999999999984,2014-06-26 23:00:00+00:00,Assam,0.42,3.68,167.19,693.3022,24.3171,102.387,0.83,0,background_sample,matched_calendar_date_only
6105,28.9205,95.3429,2014-06-26 23:00:00+00:00,Arunachal Pradesh,0.04,1.43,32.95,4055.8367,27.9209,223.9,0.72,1,confirmed_reported_event,date_only
6106,26.1407,91.7645,2014-06-26 23:00:00+00:00,Assam,0.27,1.93,213.81,59.9124,2.9173,70.8608,0.8,1,confirmed_reported_event,date_only
6107,26.1844,91.7896,2014-06-26 23:00:00+00:00,Assam,0.27,1.93,213.81,63.8654,5.4099,161.226,0.8,1,confirmed_reported_event,date_only
background_0099,25.600000000000023,92.69999999999985,2014-06-27 00:00:00+00:00,Assam,0.16,7.99,134.76,309.5833,21.8535,186.5008,0.85,0,background_sample,matched_calendar_date_only
6110,26.1619,91.7697,2014-06-27 00:00:00+00:00,Assam,0.36,14.92,166.69,55.8105,3.0149,89.2846,0.81,1,confirmed_reported_event,date_only
background_0100,25.600000000000023,92.74999999999984,2014-06-28 09:00:00+00:00,Assam,0.52,8.75,122.62,258.0,4.7108,312.2456,0.83,0,background_sample,matched_calendar_date_only
6112,26.1964,91.7652,2014-06-28 09:00:00+00:00,Assam,0.59,9.36,151.6,87.8913,23.3028,30.9499,0.8,1,confirmed_reported_event,date_only
background_0230,22.15,92.84999999999997,2014-07-14 18:00:00+00:00,Mizoram,0.12,1.34,21.39,437.8371,33.9114,260.9535,0.84,0,background_sample,matched_calendar_date_only
6143,23.7327,92.7463,2014-07-14 18:00:00+00:00,Mizoram,0.16,3.56,33.42,854.8024,30.4816,167.9334,0.85,1,confirmed_reported_event,date_only
background_0351,23.15,91.34999999999998,2014-08-14 23:00:00+00:00,Tripura,1.49,53.9,129.21,52.2113,8.5095,90.293,0.92,0,background_sample,matched_calendar_date_only
6513,23.0137,91.7174,2014-08-14 23:00:00+00:00,Tripura,1.65,60.4,133.43,28.0312,6.5686,286.7162,0.94,1,confirmed_reported_event,date_only
background_0032,27.050000000000004,92.14999999999996,2014-08-17 00:00:00+00:00,Arunachal Pradesh,0.03,1.62,67.75,1223.5712,35.3259,233.9046,0.75,0,background_sample,matched_calendar_date_only
6200,27.0869,93.6086,2014-08-17 00:00:00+00:00,Arunachal Pradesh,0.02,3.06,153.35,314.9919,3.0447,297.2525,0.92,1,confirmed_reported_event,date_only
background_0304,26.400000000000016,94.19999999999996,2014-09-08 00:00:00+00:00,Nagaland,0.2,5.75,29.83,387.323,23.3927,338.0069,0.89,0,background_sample,matched_calendar_date_only
6331,25.9466,94.6279,2014-09-08 00:00:00+00:00,Nagaland,0.16,3.48,23.85,1384.7521,24.3568,241.9206,0.88,1,confirmed_reported_event,date_only
background_0198,25.200000000000003,91.04999999999993,2014-09-21 00:00:00+00:00,Meghalaya,2.12,32.59,184.2,72.9014,10.132,97.9538,0.95,0,background_sample,matched_calendar_date_only
6291,25.7354,90.3852,2014-09-21 00:00:00+00:00,Meghalaya,2.53,39.97,148.9,344.7013,7.2148,247.3555,0.97,1,confirmed_reported_event,date_only
background_0101,25.600000000000023,92.79999999999984,2014-09-22 00:00:00+00:00,Assam,0.82,48.01,154.11,310.7206,2.5212,127.1096,0.96,0,background_sample,matched_calendar_date_only
background_0102,25.650000000000023,92.49999999999984,2014-09-22 00:00:00+00:00,Assam,0.82,48.01,154.11,807.7257,30.9813,356.0011,0.96,0,background_sample,matched_calendar_date_only
background_0103,25.650000000000023,92.54999999999984,2014-09-22 00:00:00+00:00,Assam,0.82,48.01,154.11,849.2603,1.6023,282.9146,0.96,0,background_sample,matched_calendar_date_only
background_0104,25.650000000000023,92.59999999999984,2014-09-22 00:00:00+00:00,Assam,0.82,48.01,154.11,751.0892,13.5125,314.9098,0.96,0,background_sample,matched_calendar_date_only
background_0105,25.650000000000023,92.64999999999984,2014-09-22 00:00:00+00:00,Assam,0.82,48.01,154.11,702.4349,13.276,228.2399,0.96,0,background_sample,matched_calendar_date_only
background_0106,25.650000000000023,92.69999999999985,2014-09-22 00:00:00+00:00,Assam,0.82,48.01,154.11,642.1137,6.3564,68.2463,0.96,0,background_sample,matched_calendar_date_only
background_0107,25.650000000000023,92.74999999999984,2014-09-22 00:00:00+00:00,Assam,0.82,48.01,154.11,376.6371,2.1979,185.1928,0.96,0,background_sample,matched_calendar_date_only
background_0108,25.650000000000023,92.79999999999984,2014-09-22 00:00:00+00:00,Assam,0.82,48.01,154.11,256.1999,8.764,350.9324,0.96,0,background_sample,matched_calendar_date_only
6282,26.1097,91.7747,2014-09-22 00:00:00+00:00,Assam,11.15,71.79,138.23,59.1627,0.6881,121.1222,0.93,1,confirmed_reported_event,date_only
6283,26.1314,91.7548,2014-09-22 00:00:00+00:00,Assam,11.15,71.79,138.23,72.1117,4.8466,284.388,0.93,1,confirmed_reported_event,date_only
6284,26.1324,91.8342,2014-09-22 00:00:00+00:00,Assam,11.15,71.79,138.23,68.7442,3.8778,318.3141,0.93,1,confirmed_reported_event,date_only
6285,26.159,91.8178,2014-09-22 00:00:00+00:00,Assam,11.15,71.79,138.23,63.1101,5.8999,128.6949,0.93,1,confirmed_reported_event,date_only
6286,26.1044,91.7082,2014-09-22 00:00:00+00:00,Assam,11.15,71.79,138.23,52.3417,1.743,134.1315,0.93,1,confirmed_reported_event,date_only
6287,26.1295,91.7056,2014-09-22 00:00:00+00:00,Assam,11.15,71.79,138.23,149.2346,7.8485,305.6952,0.93,1,confirmed_reported_event,date_only
6288,26.1985,91.7998,2014-09-22 00:00:00+00:00,Assam,11.15,71.79,138.23,80.3257,16.7192,206.2325,0.93,1,confirmed_reported_event,date_only
6289,26.1001,91.6849,2014-09-22 00:00:00+00:00,Assam,11.15,71.79,138.23,72.8274,22.8981,31.9246,0.93,1,confirmed_reported_event,date_only
background_0109,25.700000000000024,92.19999999999986,2014-09-23 00:00:00+00:00,Assam,8.86,87.95,225.64,811.5529,5.4296,88.1872,0.96,0,background_sample,matched_calendar_date_only
6292,25.7238,89.9032,2014-09-23 00:00:00+00:00,Assam,0.37,57.34,274.35,37.6231,9.8335,242.944,0.98,1,confirmed_reported_event,date_only
background_0197,25.200000000000003,90.99999999999991,2014-09-23 03:00:00+00:00,Meghalaya,4.06,116.85,319.08,,,,0.97,0,background_sample,matched_calendar_date_only
6290,25.5772,91.8666,2014-09-23 03:00:00+00:00,Meghalaya,8.16,151.48,333.05,1475.3113,9.204,17.1405,1.0,1,confirmed_reported_event,date_only
background_0195,25.200000000000003,90.89999999999992,2014-09-24 00:00:00+00:00,Meghalaya,0.64,16.08,300.64,135.6083,11.1908,211.8693,0.97,0,background_sample,matched_calendar_date_only
6213,25.8143,90.5763,2014-09-24 00:00:00+00:00,Meghalaya,0.14,8.35,315.94,59.0,3.6344,102.1327,0.95,1,confirmed_reported_event,date_only
background_0033,27.050000000000004,92.19999999999996,2014-10-01 11:00:00+00:00,Arunachal Pradesh,0.0,0.0,46.25,1648.189,17.9417,126.4571,0.9,0,background_sample,matched_calendar_date_only
6222,27.1249,93.7706,2014-10-01 11:00:00+00:00,Arunachal Pradesh,0.0,0.0,81.19,156.416,35.6775,0.2066,0.94,1,confirmed_reported_event,date_only
background_0196,25.200000000000003,90.94999999999992,2014-10-05 17:45:00+00:00,Meghalaya,0.0,0.0,1.49,142.0583,47.6525,336.3453,0.92,0,background_sample,matched_calendar_date_only
6214,25.9702,91.8587,2014-10-05 17:45:00+00:00,Meghalaya,0.0,0.0,0.09,285.7799,6.8604,120.9591,0.88,1,confirmed_reported_event,date_only
background_0199,25.200000000000003,91.09999999999992,2014-10-20 00:00:00+00:00,Meghalaya,0.0,0.0,29.62,101.9321,22.1754,185.5143,0.88,0,background_sample,matched_calendar_date_only
6293,25.5006,90.0896,2014-10-20 00:00:00+00:00,Meghalaya,0.0,0.02,13.21,44.1331,0.0759,9.422,0.87,1,confirmed_reported_event,date_only
background_0110,25.700000000000024,92.44999999999985,2015-02-14 00:00:00+00:00,Assam,0.0,0.0,0.0,899.2368,22.1152,117.6592,0.69,0,background_sample,matched_calendar_date_only
6775,26.1468,91.6469,2015-02-14 00:00:00+00:00,Assam,0.0,0.0,0.0,66.7148,17.0412,331.5283,0.66,1,confirmed_reported_event,date_only
background_0111,25.700000000000024,92.49999999999984,2015-02-19 23:00:00+00:00,Assam,0.12,9.42,9.57,833.4169,11.4258,91.4646,0.71,0,background_sample,matched_calendar_date_only
6786,24.6108,92.562,2015-02-19 23:00:00+00:00,Assam,0.03,4.95,5.21,28.102,4.007,5.9158,0.47,1,confirmed_reported_event,date_only
background_0114,25.700000000000024,92.64999999999984,2015-03-19 00:00:00+00:00,Assam,0.0,0.0,0.0,586.2332,5.4054,36.8659,0.61,0,background_sample,matched_calendar_date_only
7591,25.0318,92.4584,2015-03-19 00:00:00+00:00,Assam,0.0,0.01,0.01,76.4304,11.3497,201.1214,0.6,1,confirmed_reported_event,date_only
background_0344,27.65000000000001,88.34999999999998,2015-05-24 00:00:00+00:00,Sikkim,0.0,7.54,53.59,4719.6582,39.116,192.1928,0.71,0,background_sample,matched_calendar_date_only
7031,27.6163,88.6586,2015-05-24 00:00:00+00:00,Sikkim,0.0,4.68,28.08,1846.4813,34.5606,134.7357,0.6,1,confirmed_reported_event,date_only
background_0034,27.050000000000004,92.24999999999996,2015-06-09 00:00:00+00:00,Arunachal Pradesh,1.66,28.86,138.51,2480.0071,10.8137,292.573,0.84,0,background_sample,matched_calendar_date_only
6971,27.0987,93.816,2015-06-09 00:00:00+00:00,Arunachal Pradesh,3.24,48.45,208.79,214.1436,9.4762,18.5841,0.9,1,confirmed_reported_event,date_only
background_0200,25.200000000000003,91.14999999999992,2015-06-13 00:00:00+00:00,Meghalaya,0.14,51.86,320.55,150.9176,14.6179,152.5827,0.95,0,background_sample,matched_calendar_date_only
6968,25.463,92.2121,2015-06-13 00:00:00+00:00,Meghalaya,0.24,23.44,244.18,1381.6584,1.464,73.208,0.95,1,confirmed_reported_event,date_only
background_0202,25.200000000000003,91.29999999999993,2015-06-16 00:00:00+00:00,Meghalaya,0.32,14.6,371.39,12.399,1.1859,235.3278,0.95,0,background_sample,matched_calendar_date_only
6970,25.5084,90.2191,2015-06-16 00:00:00+00:00,Meghalaya,0.6,21.3,213.56,321.0578,21.8853,308.8385,0.86,1,confirmed_reported_event,date_only
background_0201,25.200000000000003,91.24999999999991,2015-06-16 06:15:00+00:00,Meghalaya,0.32,14.6,371.39,51.9767,11.7585,80.1725,0.95,0,background_sample,matched_calendar_date_only
6969,25.5114,90.215,2015-06-16 06:15:00+00:00,Meghalaya,0.6,21.3,213.56,304.003,3.7235,301.7903,0.86,1,confirmed_reported_event,date_only
background_0156,24.15000000000001,93.29999999999998,2015-06-19 00:00:00+00:00,Manipur,0.28,2.46,47.38,1374.4042,20.1714,233.0554,0.77,0,background_sample,matched_calendar_date_only
background_0231,22.15,92.89999999999996,2015-06-19 00:00:00+00:00,Mizoram,0.06,1.82,43.39,535.3329,26.1721,130.4455,0.67,0,background_sample,matched_calendar_date_only
6945,25.16,93.686,2015-06-19 00:00:00+00:00,Manipur,0.16,2.72,36.45,1014.7933,40.886,160.7804,0.69,1,confirmed_reported_event,date_only
6963,23.7131,92.7362,2015-06-19 00:00:00+00:00,Mizoram,0.14,0.91,60.77,879.7959,8.112,348.7999,0.74,1,confirmed_reported_event,date_only
background_0305,26.400000000000016,94.24999999999994,2015-06-24 00:00:00+00:00,Nagaland,0.69,28.86,115.55,266.8824,27.4875,162.8792,0.91,0,background_sample,matched_calendar_date_only
6990,26.0319,94.5466,2015-06-24 00:00:00+00:00,Nagaland,0.63,19.89,82.97,1560.3754,40.3219,194.6324,0.9,1,confirmed_reported_event,date_only
background_0345,27.65000000000001,88.39999999999998,2015-07-07 00:00:00+00:00,Sikkim,0.02,3.05,75.09,4070.3308,39.5946,279.2388,0.86,0,background_sample,matched_calendar_date_only
7138,27.0816,88.4397,2015-07-07 00:00:00+00:00,Sikkim,0.02,3.43,89.01,245.291,28.9329,342.476,0.81,1,confirmed_reported_event,date_only
background_0035,27.050000000000004,92.29999999999995,2015-07-15 08:00:00+00:00,Arunachal Pradesh,2.78,45.17,65.71,1921.1885,44.2048,29.4692,0.87,0,background_sample,matched_calendar_date_only
7214,27.36,93.0385,2015-07-15 08:00:00+00:00,Arunachal Pradesh,3.23,43.22,56.62,414.0122,6.5847,273.1718,0.89,1,confirmed_reported_event,date_only
background_0112,25.700000000000024,92.54999999999984,2015-07-22 00:00:00+00:00,Assam,1.23,15.16,116.28,846.396,26.1631,224.7151,0.96,0,background_sample,matched_calendar_date_only
background_0157,24.15000000000001,93.34999999999998,2015-07-22 00:00:00+00:00,Manipur,0.94,12.66,158.43,652.3856,21.2357,238.5624,0.93,0,background_sample,matched_calendar_date_only
background_0158,24.15000000000001,93.39999999999998,2015-07-22 00:00:00+00:00,Manipur,0.94,12.66,158.43,1018.7032,35.0354,89.8745,0.93,0,background_sample,matched_calendar_date_only
background_0159,24.15000000000001,93.44999999999996,2015-07-22 00:00:00+00:00,Manipur,0.4,7.16,110.53,904.6478,17.3733,311.6516,0.82,0,background_sample,matched_calendar_date_only
background_0160,24.15000000000001,93.49999999999996,2015-07-22 00:00:00+00:00,Manipur,0.4,7.16,110.53,845.0576,26.7636,352.0704,0.82,0,background_sample,matched_calendar_date_only
background_0161,24.15000000000001,93.54999999999995,2015-07-22 00:00:00+00:00,Manipur,0.4,7.16,110.53,641.0295,23.6302,246.8826,0.82,0,background_sample,matched_calendar_date_only
7253,24.7979,92.9974,2015-07-22 00:00:00+00:00,Assam,2.19,13.42,152.74,24.8043,0.3338,299.6699,0.94,1,confirmed_reported_event,date_only
7263,25.4477,94.0489,2015-07-22 00:00:00+00:00,Manipur,0.45,10.79,117.87,1316.801,27.1593,298.8769,0.86,1,confirmed_reported_event,date_only
7264,25.4538,93.9827,2015-07-22 00:00:00+00:00,Manipur,0.45,10.79,117.87,1777.0677,24.8691,258.1533,0.86,1,confirmed_reported_event,date_only
7265,25.5007,93.9854,2015-07-22 00:00:00+00:00,Manipur,0.45,10.79,117.87,1424.7571,22.3448,153.1196,0.86,1,confirmed_reported_event,date_only
7266,25.5098,93.8794,2015-07-22 00:00:00+00:00,Manipur,0.45,10.79,117.87,1652.6877,21.0833,286.1127,0.86,1,confirmed_reported_event,date_only
7267,25.3908,94.0926,2015-07-22 00:00:00+00:00,Manipur,0.27,9.93,121.19,1316.2371,9.1889,108.961,0.9,1,confirmed_reported_event,date_only
background_0162,24.15000000000001,93.59999999999997,2015-07-24 00:00:00+00:00,Manipur,0.73,13.44,107.25,989.6071,18.3295,262.8476,0.82,0,background_sample,matched_calendar_date_only
7279,24.9818,93.5142,2015-07-24 00:00:00+00:00,Manipur,0.86,18.72,144.99,1240.7521,7.2117,321.5557,0.89,1,confirmed_reported_event,date_only
background_0113,25.700000000000024,92.59999999999984,2015-07-25 09:00:00+00:00,Assam,0.11,30.06,134.76,673.6613,5.2418,163.6322,0.97,0,background_sample,matched_calendar_date_only
7276,26.1062,91.8717,2015-07-25 09:00:00+00:00,Assam,0.34,33.62,109.87,257.5063,9.008,305.1127,0.91,1,confirmed_reported_event,date_only
background_0163,24.15000000000001,93.64999999999996,2015-07-31 09:00:00+00:00,Manipur,1.33,24.45,57.44,971.5506,17.5296,165.1011,0.84,0,background_sample,matched_calendar_date_only
7364,24.819,94.3551,2015-07-31 09:00:00+00:00,Manipur,1.57,30.83,57.65,1608.8599,28.4005,250.9129,0.88,1,confirmed_reported_event,date_only
background_0167,24.15000000000001,93.84999999999997,2015-07-31 23:00:00+00:00,Manipur,1.33,24.45,57.44,851.2842,6.5082,77.3363,0.84,0,background_sample,matched_calendar_date_only
7372,25.0634,94.3415,2015-07-31 23:00:00+00:00,Manipur,1.57,30.83,57.65,1765.1737,25.8489,280.911,0.88,1,confirmed_reported_event,date_only
background_0164,24.15000000000001,93.69999999999996,2015-08-01 00:00:00+00:00,Manipur,0.47,54.71,103.6,1282.7987,19.6668,26.5324,0.92,0,background_sample,matched_calendar_date_only
background_0165,24.15000000000001,93.74999999999996,2015-08-01 00:00:00+00:00,Manipur,0.47,54.71,103.6,982.1288,22.1488,78.9546,0.92,0,background_sample,matched_calendar_date_only
background_0166,24.15000000000001,93.79999999999995,2015-08-01 00:00:00+00:00,Manipur,0.47,54.71,103.6,760.1328,8.8008,135.6496,0.92,0,background_sample,matched_calendar_date_only
background_0168,24.200000000000006,93.29999999999998,2015-08-01 00:00:00+00:00,Manipur,0.7,52.2,130.97,983.9759,29.1569,312.141,0.97,0,background_sample,matched_calendar_date_only
background_0169,24.200000000000006,93.34999999999998,2015-08-01 00:00:00+00:00,Manipur,0.7,52.2,130.97,603.6988,23.336,213.4355,0.97,0,background_sample,matched_calendar_date_only
background_0170,24.200000000000006,93.39999999999998,2015-08-01 00:00:00+00:00,Manipur,0.7,52.2,130.97,753.459,34.4937,78.8226,0.97,0,background_sample,matched_calendar_date_only
background_0171,24.200000000000006,93.44999999999996,2015-08-01 00:00:00+00:00,Manipur,0.47,54.71,103.6,892.3498,29.3678,280.1293,0.92,0,background_sample,matched_calendar_date_only
background_0172,24.200000000000006,93.49999999999996,2015-08-01 00:00:00+00:00,Manipur,0.47,54.71,103.6,853.0886,16.3171,31.7943,0.92,0,background_sample,matched_calendar_date_only
background_0173,24.200000000000006,93.54999999999995,2015-08-01 00:00:00+00:00,Manipur,0.47,54.71,103.6,662.093,32.4698,12.4398,0.92,0,background_sample,matched_calendar_date_only
background_0174,24.200000000000006,93.59999999999997,2015-08-01 00:00:00+00:00,Manipur,0.47,54.71,103.6,1214.5402,5.3267,110.9525,0.92,0,background_sample,matched_calendar_date_only
background_0175,24.200000000000006,93.64999999999996,2015-08-01 00:00:00+00:00,Manipur,0.47,54.71,103.6,865.8821,13.7802,118.2829,0.92,0,background_sample,matched_calendar_date_only
background_0176,24.200000000000006,93.69999999999996,2015-08-01 00:00:00+00:00,Manipur,0.47,54.71,103.6,1233.7781,19.8233,311.1493,0.92,0,background_sample,matched_calendar_date_only
background_0177,24.200000000000006,93.74999999999996,2015-08-01 00:00:00+00:00,Manipur,0.47,54.71,103.6,1221.1298,25.7166,133.8564,0.92,0,background_sample,matched_calendar_date_only
background_0181,24.250000000000007,93.39999999999998,2015-08-01 00:00:00+00:00,Manipur,0.79,68.37,122.58,1179.7603,23.3228,0.6749,0.97,0,background_sample,matched_calendar_date_only
7369,24.1988,94.1016,2015-08-01 00:00:00+00:00,Manipur,0.24,43.55,85.96,1395.2107,24.7582,316.7562,0.84,1,confirmed_reported_event,date_only
7370,24.1419,94.1078,2015-08-01 00:00:00+00:00,Manipur,0.24,43.55,85.96,1175.7197,36.3225,218.1951,0.84,1,confirmed_reported_event,date_only
7371,23.9939,94.0573,2015-08-01 00:00:00+00:00,Manipur,0.47,54.71,103.6,984.0938,10.0071,77.0022,0.92,1,confirmed_reported_event,date_only
7373,24.9111,94.4759,2015-08-01 00:00:00+00:00,Manipur,0.3,69.8,121.7,1836.151,26.4928,45.4069,0.98,1,confirmed_reported_event,date_only
7374,25.1122,94.3591,2015-08-01 00:00:00+00:00,Manipur,0.3,69.8,121.7,1854.3698,14.5278,266.2528,0.98,1,confirmed_reported_event,date_only
7375,25.1941,94.4481,2015-08-01 00:00:00+00:00,Manipur,0.3,69.8,121.7,1720.2197,9.4485,285.4885,0.98,1,confirmed_reported_event,date_only
7383,23.899,94.1434,2015-08-01 00:00:00+00:00,Manipur,0.24,43.55,85.96,258.3781,23.5616,157.0738,0.84,1,confirmed_reported_event,date_only
7384,23.9278,94.0906,2015-08-01 00:00:00+00:00,Manipur,0.24,43.55,85.96,941.6574,8.7513,21.3342,0.84,1,confirmed_reported_event,date_only
7385,24.004,93.9815,2015-08-01 00:00:00+00:00,Manipur,0.47,54.71,103.6,1457.457,33.9332,109.6079,0.92,1,confirmed_reported_event,date_only
7387,24.954,94.2156,2015-08-01 00:00:00+00:00,Manipur,0.3,69.8,121.7,934.0268,20.2483,304.7424,0.98,1,confirmed_reported_event,date_only
7388,24.416,94.0984,2015-08-01 00:00:00+00:00,Manipur,0.35,66.09,118.28,1374.5826,26.2607,317.0773,0.96,1,confirmed_reported_event,date_only
7389,24.4072,94.0644,2015-08-01 00:00:00+00:00,Manipur,0.35,66.09,118.28,1175.2704,29.731,356.6495,0.96,1,confirmed_reported_event,date_only
7390,24.4265,94.1913,2015-08-01 00:00:00+00:00,Manipur,0.35,66.09,118.28,1317.844,9.9742,326.6133,0.96,1,confirmed_reported_event,date_only
7910,24.3481,94.1146,2015-08-01 00:00:00+00:00,Manipur,0.35,66.09,118.28,1018.975,21.216,317.7939,0.96,1,confirmed_reported_event,date_only
background_0306,26.400000000000016,94.29999999999994,2015-08-02 00:00:00+00:00,Nagaland,0.0,0.85,27.21,259.0768,19.2596,110.9922,0.91,0,background_sample,matched_calendar_date_only
7409,25.72,94.6219,2015-08-02 00:00:00+00:00,Nagaland,0.01,0.56,99.42,1717.4425,48.9982,192.4586,0.91,1,confirmed_reported_event,date_only
background_0178,24.200000000000006,93.79999999999995,2015-08-11 00:00:00+00:00,Manipur,0.06,4.19,65.81,818.7459,17.086,344.9564,0.86,0,background_sample,matched_calendar_date_only
background_0179,24.200000000000006,93.84999999999997,2015-08-11 00:00:00+00:00,Manipur,0.06,4.19,65.81,869.996,22.9753,352.3555,0.86,0,background_sample,matched_calendar_date_only
background_0180,24.250000000000007,93.34999999999998,2015-08-11 00:00:00+00:00,Manipur,0.08,11.63,97.53,807.4827,24.4628,128.7261,0.95,0,background_sample,matched_calendar_date_only
7664,24.7459,93.4251,2015-08-11 00:00:00+00:00,Manipur,0.08,11.63,97.53,763.7816,9.1693,353.6045,0.95,1,confirmed_reported_event,date_only
7665,24.7016,93.5291,2015-08-11 00:00:00+00:00,Manipur,0.04,3.3,84.65,664.6628,14.5478,64.7641,0.93,1,confirmed_reported_event,date_only
7666,25.1019,93.3729,2015-08-11 00:00:00+00:00,Manipur,0.03,8.41,96.52,1140.5502,12.4372,246.3658,0.95,1,confirmed_reported_event,date_only
background_0307,26.450000000000017,94.19999999999996,2015-08-12 00:00:00+00:00,Nagaland,1.46,18.95,68.14,217.5823,19.5605,4.8512,0.92,0,background_sample,matched_calendar_date_only
7660,25.6237,94.1136,2015-08-12 00:00:00+00:00,Nagaland,0.26,7.52,69.28,1596.7413,28.7881,70.1124,0.9,1,confirmed_reported_event,date_only
background_0038,27.050000000000004,92.84999999999992,2015-08-16 00:00:00+00:00,Arunachal Pradesh,0.05,1.94,91.18,380.1246,8.0893,229.5566,0.88,0,background_sample,matched_calendar_date_only
7887,27.8835,96.9262,2015-08-16 00:00:00+00:00,Arunachal Pradesh,0.57,11.99,50.06,991.8264,39.7226,250.9905,0.88,1,confirmed_reported_event,date_only
background_0036,27.050000000000004,92.34999999999997,2015-08-18 00:00:00+00:00,Arunachal Pradesh,1.69,20.8,82.15,1843.0298,31.7484,355.4616,0.87,0,background_sample,matched_calendar_date_only
7334,28.1737,94.7596,2015-08-18 00:00:00+00:00,Arunachal Pradesh,2.34,33.47,128.82,578.0835,23.6402,75.7034,0.93,1,confirmed_reported_event,date_only
background_0203,25.200000000000003,91.34999999999992,2015-08-18 09:00:00+00:00,Meghalaya,1.15,19.5,83.99,45.5921,14.8381,152.805,0.92,0,background_sample,matched_calendar_date_only
7335,25.5145,90.2023,2015-08-18 09:00:00+00:00,Meghalaya,1.48,12.86,50.72,311.5999,15.9563,313.3831,0.88,1,confirmed_reported_event,date_only
background_0205,25.200000000000003,91.4499999999999,2015-08-19 00:00:00+00:00,Meghalaya,0.98,53.09,123.48,142.1557,30.6053,52.7967,0.94,0,background_sample,matched_calendar_date_only
background_0206,25.200000000000003,91.4999999999999,2015-08-19 00:00:00+00:00,Meghalaya,0.98,53.09,123.48,92.5347,17.8952,103.7701,0.94,0,background_sample,matched_calendar_date_only
background_0207,25.200000000000003,91.5499999999999,2015-08-19 00:00:00+00:00,Meghalaya,0.98,53.09,123.48,136.5346,0.2515,105.3332,0.94,0,background_sample,matched_calendar_date_only
background_0308,26.450000000000017,94.24999999999994,2015-08-19 00:00:00+00:00,Nagaland,0.12,8.01,61.91,234.938,17.1995,22.4857,0.91,0,background_sample,matched_calendar_date_only
7589,25.2568,92.3825,2015-08-19 00:00:00+00:00,Meghalaya,1.38,34.04,96.31,795.1815,11.9705,213.4728,0.95,1,confirmed_reported_event,date_only
7590,25.1416,92.3807,2015-08-19 00:00:00+00:00,Meghalaya,0.9,47.57,122.26,162.3018,11.9873,132.329,0.98,1,confirmed_reported_event,date_only
7699,26.0214,94.5224,2015-08-19 00:00:00+00:00,Nagaland,0.13,8.83,51.24,1618.2625,30.7453,243.5406,0.93,1,confirmed_reported_event,date_only
7706,25.0728,92.3636,2015-08-19 00:00:00+00:00,Meghalaya,0.9,47.57,122.26,134.2909,12.131,162.7121,0.98,1,confirmed_reported_event,date_only
background_0204,25.200000000000003,91.3999999999999,2015-08-19 09:00:00+00:00,Meghalaya,0.98,53.09,123.48,27.5849,4.4889,275.885,0.94,0,background_sample,matched_calendar_date_only
7336,25.2193,90.5549,2015-08-19 09:00:00+00:00,Meghalaya,0.69,24.24,68.96,280.0655,5.1169,358.2814,0.91,1,confirmed_reported_event,date_only
background_0309,26.450000000000017,94.29999999999994,2015-08-19 15:00:00+00:00,Nagaland,0.12,8.01,61.91,224.1479,16.5579,123.5492,0.91,0,background_sample,matched_calendar_date_only
7701,25.6278,94.1051,2015-08-19 15:00:00+00:00,Nagaland,0.09,6.6,35.02,1515.3956,14.5298,29.3125,0.89,1,confirmed_reported_event,date_only
background_0310,26.450000000000017,94.34999999999994,2015-08-20 18:00:00+00:00,Nagaland,1.9,24.16,77.99,287.2703,25.2131,73.8709,0.93,0,background_sample,matched_calendar_date_only
7727,25.6263,94.1057,2015-08-20 18:00:00+00:00,Nagaland,0.86,8.35,40.45,1513.827,18.18,80.8974,0.9,1,confirmed_reported_event,date_only
background_0115,25.700000000000024,92.69999999999985,2015-08-22 09:00:00+00:00,Assam,0.12,4.6,128.51,512.0191,4.9486,71.0087,0.96,0,background_sample,matched_calendar_date_only
7728,26.1028,91.8806,2015-08-22 09:00:00+00:00,Assam,0.03,9.26,153.0,125.7984,28.3494,115.3477,0.93,1,confirmed_reported_event,date_only
background_0232,22.15,92.94999999999996,2015-08-26 00:00:00+00:00,Mizoram,0.11,0.94,114.35,935.2479,18.2996,220.6786,0.93,0,background_sample,matched_calendar_date_only
background_0233,22.15,92.99999999999996,2015-08-26 00:00:00+00:00,Mizoram,0.11,0.94,114.35,,,,0.93,0,background_sample,matched_calendar_date_only
7778,23.8447,93.0514,2015-08-26 00:00:00+00:00,Mizoram,0.01,0.88,64.22,1082.572,34.129,248.7618,0.93,1,confirmed_reported_event,date_only
7780,23.3572,92.7878,2015-08-26 00:00:00+00:00,Mizoram,0.0,0.29,96.69,1370.5128,10.0149,193.4605,0.93,1,confirmed_reported_event,date_only
background_0234,22.15,93.04999999999995,2015-08-27 00:00:00+00:00,Mizoram,0.21,3.4,51.54,593.2393,19.043,302.2296,0.93,0,background_sample,matched_calendar_date_only
background_0235,22.200000000000003,92.59999999999998,2015-08-27 00:00:00+00:00,Mizoram,0.09,2.21,67.71,223.589,32.6855,58.5,0.93,0,background_sample,matched_calendar_date_only
7836,24.042,92.6724,2015-08-27 00:00:00+00:00,Mizoram,0.23,4.36,45.16,804.647,8.0394,119.2322,0.93,1,confirmed_reported_event,date_only
7837,23.7269,92.7265,2015-08-27 00:00:00+00:00,Mizoram,0.18,3.42,47.64,875.623,36.2257,138.4433,0.93,1,confirmed_reported_event,date_only
background_0236,22.200000000000003,92.64999999999998,2015-08-28 01:45:00+00:00,Mizoram,0.41,8.37,36.89,182.5941,10.8469,84.5161,0.93,0,background_sample,matched_calendar_date_only
7972,23.4495,92.8112,2015-08-28 01:45:00+00:00,Mizoram,0.01,3.19,27.22,864.9564,34.1441,65.9354,0.93,1,confirmed_reported_event,date_only
background_0116,25.700000000000024,92.74999999999984,2015-09-01 00:00:00+00:00,Assam,1.46,71.37,192.82,342.1787,4.9019,21.9699,0.99,0,background_sample,matched_calendar_date_only
background_0117,25.700000000000024,92.79999999999984,2015-09-01 00:00:00+00:00,Assam,1.46,71.37,192.82,205.3404,10.6495,140.7903,0.99,0,background_sample,matched_calendar_date_only
7923,26.49349035,91.72137514,2015-09-01 00:00:00+00:00,Assam,1.04,22.36,142.13,60.9179,2.1001,216.6841,0.93,1,confirmed_reported_event,date_only
7933,26.1868,91.6739,2015-09-01 00:00:00+00:00,Assam,0.86,31.34,155.86,48.7568,2.6093,333.9413,0.96,1,confirmed_reported_event,date_only
background_0208,25.200000000000003,91.5999999999999,2015-09-05 00:00:00+00:00,Meghalaya,0.43,17.84,291.92,215.1861,18.6176,178.3553,0.97,0,background_sample,matched_calendar_date_only
7956,26.048,91.8695,2015-09-05 00:00:00+00:00,Meghalaya,0.22,7.16,179.06,70.1248,14.1046,123.2731,0.97,1,confirmed_reported_event,date_only
background_0209,25.200000000000003,91.64999999999988,2015-09-06 15:00:00+00:00,Meghalaya,0.13,9.73,269.48,404.5138,20.9963,191.6293,0.97,0,background_sample,matched_calendar_date_only
8012,25.9703,91.8584,2015-09-06 15:00:00+00:00,Meghalaya,0.04,3.12,148.08,283.3932,9.8279,157.459,0.95,1,confirmed_reported_event,date_only
background_0238,22.200000000000003,92.74999999999996,2015-09-14 01:30:00+00:00,Mizoram,0.06,19.51,72.37,262.2323,29.467,261.3475,0.94,0,background_sample,matched_calendar_date_only
8224,23.7313,92.7187,2015-09-14 01:30:00+00:00,Mizoram,0.89,19.21,81.29,1028.0007,16.9518,97.5769,0.93,1,confirmed_reported_event,date_only
background_0237,22.200000000000003,92.69999999999996,2015-09-14 03:10:00+00:00,Mizoram,0.06,19.51,72.37,357.5538,28.0597,274.8579,0.94,0,background_sample,matched_calendar_date_only
8223,23.7348,92.7187,2015-09-14 03:10:00+00:00,Mizoram,0.89,19.21,81.29,1045.3373,18.3417,13.0058,0.93,1,confirmed_reported_event,date_only
background_0119,25.700000000000024,92.89999999999982,2015-09-23 00:00:00+00:00,Assam,1.61,23.33,72.76,127.1282,4.539,327.8767,0.93,0,background_sample,matched_calendar_date_only
8339,26.1666,91.7042,2015-09-23 00:00:00+00:00,Assam,4.6,59.69,100.97,231.464,16.1038,236.79,0.94,1,confirmed_reported_event,date_only
background_0210,25.200000000000003,91.69999999999987,2015-09-23 15:00:00+00:00,Meghalaya,1.89,45.18,108.9,220.4075,13.5251,95.5629,0.96,0,background_sample,matched_calendar_date_only
8366,25.583,91.893,2015-09-23 15:00:00+00:00,Meghalaya,2.46,59.39,116.99,1446.3301,7.7144,268.5575,0.98,1,confirmed_reported_event,date_only
background_0317,26.55000000000002,94.54999999999993,2016-04-19 00:00:00+00:00,Nagaland,0.53,20.43,57.25,321.0665,32.4145,140.6372,0.77,0,background_sample,matched_calendar_date_only
9405,26.7223,95.0243,2016-04-19 00:00:00+00:00,Nagaland,0.3,21.28,63.97,698.2438,18.5894,36.9491,0.83,1,confirmed_reported_event,date_only
background_0037,27.050000000000004,92.39999999999996,2016-04-22 02:30:00+00:00,Arunachal Pradesh,0.29,38.25,153.3,1710.8792,43.7814,158.5114,0.79,0,background_sample,matched_calendar_date_only
7655,27.5799,91.8569,2016-04-22 02:30:00+00:00,Arunachal Pradesh,0.04,20.77,111.03,2770.7964,20.355,248.9757,0.79,1,confirmed_reported_event,date_only
background_0044,27.050000000000004,93.1499999999999,2016-05-01 00:00:00+00:00,Arunachal Pradesh,0.22,5.88,29.42,913.603,35.8362,19.4803,0.67,0,background_sample,matched_calendar_date_only
9404,28.0822,96.5316,2016-05-01 00:00:00+00:00,Arunachal Pradesh,0.31,13.55,50.71,601.5386,21.7706,273.0437,0.88,1,confirmed_reported_event,date_only
background_0124,25.700000000000024,93.2999999999998,2016-05-18 08:00:00+00:00,Assam,0.88,72.13,170.47,260.286,7.9082,312.7388,0.89,0,background_sample,matched_calendar_date_only
background_0125,25.700000000000024,93.3499999999998,2016-05-18 08:00:00+00:00,Assam,0.88,72.13,170.47,213.1292,7.4181,209.3684,0.89,0,background_sample,matched_calendar_date_only
background_0126,25.700000000000024,93.3999999999998,2016-05-18 08:00:00+00:00,Assam,0.88,72.13,170.47,275.9413,11.2955,110.8635,0.89,0,background_sample,matched_calendar_date_only
background_0127,25.700000000000024,93.4499999999998,2016-05-18 08:00:00+00:00,Assam,1.58,48.7,119.49,279.7619,6.3057,114.9639,0.81,0,background_sample,matched_calendar_date_only
9334,24.5204,92.7264,2016-05-18 08:00:00+00:00,Assam,7.6,95.89,227.2,37.2174,2.4671,311.5656,0.93,1,confirmed_reported_event,date_only
9335,24.5202,92.7239,2016-05-18 08:00:00+00:00,Assam,7.6,95.89,227.2,40.1708,4.2051,309.4862,0.93,1,confirmed_reported_event,date_only
9336,24.5308,92.5121,2016-05-18 08:00:00+00:00,Assam,7.6,95.89,227.2,57.185,14.3137,346.209,0.93,1,confirmed_reported_event,date_only
9338,24.4638,92.4943,2016-05-18 08:00:00+00:00,Assam,7.6,95.89,227.2,95.3769,13.0034,310.0727,0.93,1,confirmed_reported_event,date_only
background_0314,26.500000000000018,94.64999999999992,2016-06-12 00:00:00+00:00,Nagaland,0.54,3.31,47.26,813.1868,8.7584,319.4695,0.75,0,background_sample,matched_calendar_date_only
9169,26.1677,94.2442,2016-06-12 00:00:00+00:00,Nagaland,0.45,3.51,60.45,776.1406,10.6742,263.2033,0.81,1,confirmed_reported_event,date_only
background_0042,27.050000000000004,93.04999999999993,2016-06-12 23:00:00+00:00,Arunachal Pradesh,0.18,5.99,52.35,968.2382,19.6205,238.8212,0.73,0,background_sample,matched_calendar_date_only
9168,27.6438,93.871,2016-06-12 23:00:00+00:00,Arunachal Pradesh,0.3,10.09,73.35,1708.8107,37.8804,298.055,0.83,1,confirmed_reported_event,date_only
background_0313,26.500000000000018,94.44999999999992,2016-06-14 08:00:00+00:00,Nagaland,0.73,13.16,62.67,637.4518,38.0741,275.9412,0.8,0,background_sample,matched_calendar_date_only
9142,26.3185,94.5247,2016-06-14 08:00:00+00:00,Nagaland,0.73,13.16,62.67,1162.9132,2.7571,351.7204,0.8,1,confirmed_reported_event,date_only
background_0118,25.700000000000024,92.84999999999982,2016-06-22 12:00:00+00:00,Assam,0.34,8.27,62.92,148.3322,2.9834,209.843,0.82,0,background_sample,matched_calendar_date_only
8222,26.1961,91.7825,2016-06-22 12:00:00+00:00,Assam,0.91,17.25,152.69,122.1078,16.7543,157.3413,0.91,1,confirmed_reported_event,date_only
background_0039,27.050000000000004,92.89999999999992,2016-07-01 00:00:00+00:00,Arunachal Pradesh,0.29,14.51,33.76,472.8123,24.7881,221.5414,0.79,0,background_sample,matched_calendar_date_only
8237,27.0136,92.6351,2016-07-01 00:00:00+00:00,Arunachal Pradesh,0.05,5.48,16.2,228.4081,2.1005,120.7357,0.78,1,confirmed_reported_event,date_only
background_0120,25.700000000000024,93.0499999999998,2016-07-07 00:00:00+00:00,Assam,0.51,6.95,69.83,171.9242,2.8098,313.7222,0.83,0,background_sample,matched_calendar_date_only
background_0182,24.250000000000007,93.44999999999996,2016-07-07 00:00:00+00:00,Manipur,0.43,6.21,66.18,672.9384,29.4341,128.1744,0.84,0,background_sample,matched_calendar_date_only
8684,25.9611,91.3681,2016-07-07 00:00:00+00:00,Assam,3.21,15.28,142.45,178.2296,3.8459,309.1583,0.87,1,confirmed_reported_event,date_only
8900,25.0118,94.3136,2016-07-07 00:00:00+00:00,Manipur,0.35,5.28,83.36,1398.6167,0.4646,340.3207,0.82,1,confirmed_reported_event,date_only
background_0311,26.500000000000018,94.24999999999994,2016-07-10 00:00:00+00:00,Nagaland,0.9,16.02,78.8,336.8155,44.1489,341.6277,0.86,0,background_sample,matched_calendar_date_only
8901,25.7902,94.1318,2016-07-10 00:00:00+00:00,Nagaland,0.53,9.97,79.51,1282.9557,17.1063,70.2987,0.89,1,confirmed_reported_event,date_only
background_0312,26.500000000000018,94.39999999999992,2016-07-11 23:00:00+00:00,Nagaland,0.21,16.67,73.53,606.9631,22.2184,184.48,0.9,0,background_sample,matched_calendar_date_only
8930,26.1699,94.4922,2016-07-11 23:00:00+00:00,Nagaland,0.25,12.04,69.25,1157.4077,37.1814,311.6941,0.91,1,confirmed_reported_event,date_only
background_0121,25.700000000000024,93.0999999999998,2016-07-14 00:00:00+00:00,Assam,0.38,8.18,80.45,255.0872,11.663,18.6557,0.86,0,background_sample,matched_calendar_date_only
background_0122,25.700000000000024,93.1999999999998,2016-07-14 00:00:00+00:00,Assam,0.38,8.18,80.45,245.2668,24.5326,147.5207,0.86,0,background_sample,matched_calendar_date_only
8995,26.1963,91.8074,2016-07-14 00:00:00+00:00,Assam,0.69,7.19,56.16,172.2771,18.272,94.5615,0.92,1,confirmed_reported_event,date_only
8996,26.1768,91.7702,2016-07-14 00:00:00+00:00,Assam,0.69,7.19,56.16,85.8533,32.0075,116.1302,0.92,1,confirmed_reported_event,date_only
background_0040,27.050000000000004,92.94999999999992,2016-07-16 00:00:00+00:00,Arunachal Pradesh,2.16,42.38,132.62,718.9847,26.5901,348.4233,0.88,0,background_sample,matched_calendar_date_only
9010,27.3034,93.804,2016-07-16 00:00:00+00:00,Arunachal Pradesh,3.52,62.21,206.92,739.8448,33.3305,91.0246,0.96,1,confirmed_reported_event,date_only
background_0041,27.050000000000004,92.99999999999991,2016-07-19 00:00:00+00:00,Arunachal Pradesh,0.27,9.22,109.19,,,,0.87,0,background_sample,matched_calendar_date_only
background_0212,25.200000000000003,91.79999999999988,2016-07-19 00:00:00+00:00,Meghalaya,1.41,143.25,447.82,609.3837,7.192,135.4086,0.99,0,background_sample,matched_calendar_date_only
9087,28.235,94.9612,2016-07-19 00:00:00+00:00,Arunachal Pradesh,0.81,30.16,204.22,314.7018,44.8269,14.0581,0.95,1,confirmed_reported_event,date_only
9124,25.203,90.5573,2016-07-19 00:00:00+00:00,Meghalaya,0.66,74.69,306.87,151.725,16.6869,287.3813,0.97,1,confirmed_reported_event,date_only
background_0211,25.200000000000003,91.74999999999989,2016-07-19 09:00:00+00:00,Meghalaya,1.41,143.25,447.82,342.6298,37.5738,43.0875,0.99,0,background_sample,matched_calendar_date_only
9051,26.09748244,91.8744337,2016-07-19 09:00:00+00:00,Meghalaya,0.89,47.68,197.82,195.6034,22.9309,332.2325,0.98,1,confirmed_reported_event,date_only
background_0123,25.700000000000024,93.2499999999998,2016-07-20 00:00:00+00:00,Assam,0.74,8.26,91.76,241.208,28.5108,332.53,0.87,0,background_sample,matched_calendar_date_only
9122,26.1966,91.802,2016-07-20 00:00:00+00:00,Assam,2.31,29.8,223.14,115.7195,17.7713,350.7793,0.97,1,confirmed_reported_event,date_only
background_0183,24.250000000000007,93.49999999999996,2016-07-25 12:30:00+00:00,Manipur,0.45,11.12,40.88,791.1092,33.8247,355.6011,0.89,0,background_sample,matched_calendar_date_only
9186,25.48,94.1383,2016-07-25 12:30:00+00:00,Manipur,0.64,9.33,35.75,1701.3513,14.024,136.6525,0.89,1,confirmed_reported_event,date_only
background_0315,26.55000000000002,94.44999999999992,2016-07-26 23:00:00+00:00,Nagaland,0.22,26.41,83.4,357.3414,23.4367,165.135,0.94,0,background_sample,matched_calendar_date_only
9219,26.0101,94.5282,2016-07-26 23:00:00+00:00,Nagaland,0.06,19.56,61.32,1710.7819,13.2885,108.8892,0.94,1,confirmed_reported_event,date_only
background_0043,27.050000000000004,93.09999999999992,2016-07-28 00:00:00+00:00,Arunachal Pradesh,0.47,10.6,108.4,1202.1661,25.6436,226.063,0.88,0,background_sample,matched_calendar_date_only
9252,27.5748,91.8644,2016-07-28 00:00:00+00:00,Arunachal Pradesh,0.01,0.31,69.44,2693.1772,8.0045,62.9312,0.86,1,confirmed_reported_event,date_only
background_0239,22.200000000000003,92.79999999999995,2016-07-28 23:00:00+00:00,Mizoram,0.08,3.31,66.64,633.6992,16.7619,58.1822,0.93,0,background_sample,matched_calendar_date_only
background_0316,26.55000000000002,94.49999999999991,2016-07-28 23:00:00+00:00,Nagaland,0.81,18.64,97.53,379.6135,19.1861,44.6269,0.91,0,background_sample,matched_calendar_date_only
9232,23.5397,93.3783,2016-07-28 23:00:00+00:00,Mizoram,0.13,5.89,49.73,1567.8501,16.7486,227.96,0.83,1,confirmed_reported_event,date_only
9251,25.8702,94.7844,2016-07-28 23:00:00+00:00,Nagaland,1.42,29.51,108.2,1145.8638,7.6572,343.6969,0.96,1,confirmed_reported_event,date_only
background_0045,27.050000000000004,93.1999999999999,2016-08-05 00:00:00+00:00,Arunachal Pradesh,0.4,13.1,44.0,1316.1838,39.6684,237.7991,0.89,0,background_sample,matched_calendar_date_only
9464,27.5754,91.9754,2016-08-05 00:00:00+00:00,Arunachal Pradesh,0.01,1.58,26.94,2411.9072,25.7962,346.5771,0.84,1,confirmed_reported_event,date_only
background_0346,27.65000000000001,88.44999999999997,2016-10-12 00:00:00+00:00,Sikkim,0.18,22.82,43.34,2980.1875,41.1986,68.0619,0.93,0,background_sample,matched_calendar_date_only
9604,27.2676,88.2891,2016-10-12 00:00:00+00:00,Sikkim,0.16,18.34,48.73,603.6053,48.5789,53.1913,0.93,1,confirmed_reported_event,date_only
background_0347,27.70000000000001,88.19999999999999,2016-10-15 00:00:00+00:00,Sikkim,0.11,2.7,54.6,5385.9028,14.7068,1.9966,0.93,0,background_sample,matched_calendar_date_only
background_0348,27.70000000000001,88.24999999999999,2016-10-15 00:00:00+00:00,Sikkim,0.11,2.7,54.6,6132.0234,12.903,155.2854,0.93,0,background_sample,matched_calendar_date_only
9619,27.1695,88.3664,2016-10-15 00:00:00+00:00,Sikkim,0.08,1.95,70.62,1588.7635,27.3225,181.1299,0.92,1,confirmed_reported_event,date_only
9620,27.172,88.5292,2016-10-15 00:00:00+00:00,Sikkim,0.06,0.75,90.69,335.4234,39.1108,17.5717,0.92,1,confirmed_reported_event,date_only
